#	UUID	List Item	Description	Description source	_taxonomy_parent	_taxonomy_terms	UUID_Parent	URL
2368C74A	3F71CF14	Agricultural biotechnology	Agritech, or agricultural biotechnology, uses scientific methods like genetic engineering to modify plants, animals, and microorganisms. Crop biotechnology involves transferring desired traits from one species to another to improve characteristics like flavor, growth rate, and disease resistance.	This decription was generated via the wikipedia page and the following AI prompt using OpenAI technology: "I give you a text which explains a research domain. Your task is to shorten the text so it is between 30 and 60 words long. The goal is to have a short description of the domain. You are not allowed to add any information which is not already present in the text."	Agricultural Sciences	Agricultural biotechnology	27BE021B	https://en.wikipedia.org/wiki/Agricultural_biotechnology
F67E9CFE	FA501DD3	Agriculture, forestry, and fisheries	Agriculture, forestry, and fisheries encompass the practices, techniques, and sciences involved in cultivating soil, growing crops, and rearing animals for food, fuel, and other products, managing forests for various resources, and harvesting fish and seafood.	This decription was generated via the following AI prompt using OpenAI technolohy: "I give you a list of research and science related domains. You task is to generate a short description (30-50 words) of each domain. The goal is for someone to read the description and be able to tell whether their oorganisation or group fits under the domain"	Agricultural Sciences	Agriculture, forestry, and fisheries	27BE021B	https://en.wikipedia.org/wiki/Forestry
D5D6A30D	885778DC	Animal and dairy science	Animal and dairy science is dedicated to the study and application of scientific principles related to the breeding, raising, and management of livestock, including animals that are sources of milk and dairy products.	This decription was generated via the following AI prompt using OpenAI technolohy: "I give you a list of research and science related domains. You task is to generate a short description (30-50 words) of each domain. The goal is for someone to read the description and be able to tell whether their oorganisation or group fits under the domain"	Agricultural Sciences	Animal and dairy science	27BE021B	https://en.wikipedia.org/wiki/Animal_science
56B4E54E	68CB6AD6	Other agricultural sciences	Other agricultural sciences cover a broad range of studies not classified under specific categories within agriculture, focusing on improving practices, sustainability, and technology in the cultivation of plants and rearing of animals.	This decription was generated via the following AI prompt using OpenAI technolohy: "I give you a list of research and science related domains. You task is to generate a short description (30-50 words) of each domain. The goal is for someone to read the description and be able to tell whether their oorganisation or group fits under the domain"	Agricultural Sciences	Other agricultural sciences	27BE021B	
DF11D90E	21E1DAAC	Veterinary science	Veterinary science intersects human health by managing zoonotic diseases, ensuring food safety, aiding medical research, maintaining livestock health, promoting mental wellness through pet care, and upholding animal welfare ethics. Veterinarians collaborate with other scientists and focus on diagnosing, treating, and safeguarding animals' health.	This decription was generated via the wikipedia page and the following AI prompt using OpenAI technology: "I give you a text which explains a research domain. Your task is to shorten the text so it is between 30 and 60 words long. The goal is to have a short description of the domain. You are not allowed to add any information which is not already present in the text."	Agricultural Sciences	Veterinary science	27BE021B	https://en.wikipedia.org/wiki/Veterinary_science
0BD68F02	27BE021B	Agricultural sciences	Agricultural science is a multidisciplinary field incorporating biology, exact, natural, economic, and social sciences for agricultural practice. Experts are known as agricultural scientists or agriculturists.	This decription was generated via the wikipedia page and the following AI prompt using OpenAI technology: "I give you a text which explains a research domain. Your task is to shorten the text so it is between 30 and 60 words long. The goal is to have a short description of the domain. You are not allowed to add any information which is not already present in the text."	Agricultural Sciences	Agricultural Sciences		https://en.wikipedia.org/wiki/Agricultural_sciences
E19B342F	317D163C	Chemical engineering	Chemical engineering involves designing and operating chemical plants, developing processes to convert raw materials into products, and improving production. Using chemistry, physics, math, biology, and economics, chemical engineers work on everything from nanotechnology to large-scale processes that transform chemicals and materials into useful products. They also focus on plant design, safety assessments, process analysis, and control engineering.	This decription was generated via the wikipedia page and the following AI prompt using OpenAI technology: "I give you a text which explains a research domain. Your task is to shorten the text so it is between 30 and 60 words long. The goal is to have a short description of the domain. You are not allowed to add any information which is not already present in the text."	Engineering and Technology	Chemical engineering	285F97D3	https://en.wikipedia.org/wiki/Chemical_engineering
7B4CA829	E6A05ECC	Civil engineering	Civil engineering, one of the oldest engineering disciplines after military engineering, involves the design, construction, and maintenance of infrastructure like roads, bridges, railways, and sewage systems. It encompasses both public (e.g., municipal to federal agencies) and private sectors (from local firms to global companies). This field is divided into various sub-disciplines.	This decription was generated via the wikipedia page and the following AI prompt using OpenAI technology: "I give you a text which explains a research domain. Your task is to shorten the text so it is between 30 and 60 words long. The goal is to have a short description of the domain. You are not allowed to add any information which is not already present in the text."	Engineering and Technology	Civil engineering	285F97D3	https://en.wikipedia.org/wiki/Civil_engineering
2BF73EBE	AD232C46	Electrical engineering, electronic engineering, information engineering	Electrical engineering, electronic engineering, information engineering is the domain that deals with the study and application of electricity, electronics, and electromagnetism to develop electrical and electronic equipment, from small microchips to huge power station generators, and information technology solutions.	This decription was generated via the following AI prompt using OpenAI technolohy: "I give you a list of research and science related domains. You task is to generate a short description (30-50 words) of each domain. The goal is for someone to read the description and be able to tell whether their oorganisation or group fits under the domain"	Engineering and Technology	Electrical engineering, electronic, engineering, information engineering	285F97D3	https://en.wikipedia.org/wiki/Electrical_engineering
4D78A182	3EE05B5A	Environmental biotechnology	Environmental biotechnology involves using biotechnology to study and improve the natural environment. It focuses on harnessing biological processes for commercial uses, including the remediation of contaminated environments (land, air, water) and promoting green manufacturing technologies for sustainable development. It aims at the optimal use of natural resources, like plants and bacteria, to produce energy and food, transforming waste into feedstock for other processes.	This decription was generated via the wikipedia page and the following AI prompt using OpenAI technology: "I give you a text which explains a research domain. Your task is to shorten the text so it is between 30 and 60 words long. The goal is to have a short description of the domain. You are not allowed to add any information which is not already present in the text."	Engineering and Technology	Environmental biotechnology	285F97D3	https://en.wikipedia.org/wiki/Environmental_biotechnology
50A17D29	E381BBCB	Environmental engineering	Environmental engineering merges principles from chemistry, biology, ecology, and more to devise solutions for protecting and enhancing organism health and environmental quality. It's a subset of civil and chemical engineering, primarily focusing on sanitary engineering within civil engineering.	This decription was generated via the wikipedia page and the following AI prompt using OpenAI technology: "I give you a text which explains a research domain. Your task is to shorten the text so it is between 30 and 60 words long. The goal is to have a short description of the domain. You are not allowed to add any information which is not already present in the text."	Engineering and Technology	Environmental engineering	285F97D3	https://en.wikipedia.org/wiki/Environmental_engineering
659E8941	C09C0909	Industrial biotechnology	Industrial biotechnology, or white biotechnology in Europe, uses cells or cell components to generate products for sectors like chemicals, food, detergents, and biofuels. It focuses on using renewable raw materials, creating genetically modified organisms to enhance diversity and economic viability, and aims to reduce greenhouse gas emissions by shifting away from a petrochemical-based economy.	This decription was generated via the wikipedia page and the following AI prompt using OpenAI technology: "I give you a text which explains a research domain. Your task is to shorten the text so it is between 30 and 60 words long. The goal is to have a short description of the domain. You are not allowed to add any information which is not already present in the text."	Engineering and Technology	Industrial Biotechnology	285F97D3	https://en.wikipedia.org/wiki/Industrial_biotechnology
08C3CBB7	BD52C16D	Materials engineering	Materials engineering involves the development, processing, and testing of materials to create new products or enhance the performance and sustainability of existing ones. This field caters to industries ranging from electronics to aerospace.	This decription was generated via the following AI prompt using OpenAI technolohy: "I give you a list of research and science related domains. You task is to generate a short description (30-50 words) of each domain. The goal is for someone to read the description and be able to tell whether their oorganisation or group fits under the domain"	Engineering and Technology	Materials engineering	285F97D3	https://en.wikipedia.org/wiki/Materials_engineering
F3945F14	C1E73045	Mechanical engineering	Mechanical engineering combines engineering physics, mathematics, and materials science to design, analyze, manufacture, and maintain physical machines involving force and movement. It covers core areas like mechanics, dynamics, and thermodynamics, employing tools like CAD, CAM, and CAE to innovate in fields such as industrial equipment, transportation, robotics, and medical devices. It's one of the oldest and broadest engineering disciplines.	This decription was generated via the wikipedia page and the following AI prompt using OpenAI technology: "I give you a text which explains a research domain. Your task is to shorten the text so it is between 30 and 60 words long. The goal is to have a short description of the domain. You are not allowed to add any information which is not already present in the text."	Engineering and Technology	Mechanical engineering	285F97D3	https://en.wikipedia.org/wiki/Mechanical_engineering
55CD19C1	5BEE3E69	Medical engineering	Medical engineering applies engineering principles to medicine and biology for healthcare, such as diagnostics and therapy. It encompasses advancing healthcare treatment through logical sciences, including diagnosis, monitoring, and therapy. Biomedical engineers also manage medical equipment in hospitals, including procurement, testing, maintenance, and making equipment recommendations, often referred to as Biomedical Equipment Technicians (BMET) or clinical engineers.	This decription was generated via the wikipedia page and the following AI prompt using OpenAI technology: "I give you a text which explains a research domain. Your task is to shorten the text so it is between 30 and 60 words long. The goal is to have a short description of the domain. You are not allowed to add any information which is not already present in the text."	Engineering and Technology	Medical engineering	285F97D3	https://en.wikipedia.org/wiki/Medical_engineering
5453D674	FF2F40FC	Nano technology	Nanotechnology involves manipulating matter at the nanoscale (1 to 100 nm), where surface area and quantum effects influence material properties. It encompasses research and technologies focusing on these unique attributes, including molecular nanotechnology, which aims at precise atom and molecule manipulation for macroscale product fabrication.	This decription was generated via the wikipedia page and the following AI prompt using OpenAI technology: "I give you a text which explains a research domain. Your task is to shorten the text so it is between 30 and 60 words long. The goal is to have a short description of the domain. You are not allowed to add any information which is not already present in the text."	Engineering and Technology	Nano-technology	285F97D3	https://en.wikipedia.org/wiki/Nano_technology
856A9F07	5914EA8E	Other engineering and technologies	Other engineering and technologies encompass all those specialized fields of engineering and technological disciplines that do not explicitly fall under traditional categories, allowing for the exploration of emerging areas and interdisciplinary innovation.	This decription was generated via the following AI prompt using OpenAI technolohy: "I give you a list of research and science related domains. You task is to generate a short description (30-50 words) of each domain. The goal is for someone to read the description and be able to tell whether their oorganisation or group fits under the domain"	Engineering and Technology	Other engineering and technologies	285F97D3	
945CF903	945CF903	Systems engineering	Systems engineering is an interdisciplinary approach focusing on designing, integrating, and managing complex systems throughout their life cycles. It employs systems thinking to organize knowledge, covering issues like requirements, reliability, and coordination across various technical and human-centered disciplines. The field aims to ensure all aspects of a project are considered and integrated, dealing with work processes, optimization, and risk management in complex projects.	This decription was generated via the wikipedia page and the following AI prompt using OpenAI technology: "I give you a text which explains a research domain. Your task is to shorten the text so it is between 30 and 60 words long. The goal is to have a short description of the domain. You are not allowed to add any information which is not already present in the text."	Engineering and Technology	Systems engineering	285F97D3	https://en.wikipedia.org/wiki/Systems_engineering
FAE1EBC5	285F97D3	Engineering and technology	Engineering and technology broadly covers the application of scientific principles to the design, development, and enhancement of structures, machines, devices, systems, and processes, driving innovation across various sectors of industry and everyday life.	This decription was generated via the following AI prompt using OpenAI technolohy: "I give you a list of research and science related domains. You task is to generate a short description (30-50 words) of each domain. The goal is for someone to read the description and be able to tell whether their oorganisation or group fits under the domain"	Engineering and Technology	Engineering and Technology		https://en.wikipedia.org/wiki/Engineering
196302FD	695252F5	Arts (arts, history of arts, performing arts, music)	Arts encompasses creative and cultural expressions in various forms, including visual arts, history of arts, performing arts such as dance and theatre, and music, celebrating human creativity and emotional communication through diverse mediums.	This decription was generated via the following AI prompt using OpenAI technolohy: "I give you a list of research and science related domains. You task is to generate a short description (30-50 words) of each domain. The goal is for someone to read the description and be able to tell whether their oorganisation or group fits under the domain"	Humanities	Art (arts, history of arts, performing arts, music)	6DC9618F	https://en.wikipedia.org/wiki/Arts
1FA8F072	C0EB38D1	History and archaeology	History and archaeology delve into the past, exploring ancient civilizations, artifacts, and historical events to unravel how societies have evolved over time. 	This decription was generated via the following AI prompt using OpenAI technolohy: "I give you a list of research and science related domains. You task is to generate a short description (30-50 words) of each domain. The goal is for someone to read the description and be able to tell whether their oorganisation or group fits under the domain"	Humanities	History and archaeology	6DC9618F	https://en.wikipedia.org/wiki/History
930A861A	6F570B92	Languages and literature	Languages and literature focuses on the study and analysis of language and literary works. It encompasses understanding, interpreting, and critiquing spoken and written language across different cultures and time periods.	This decription was generated via the following AI prompt using OpenAI technolohy: "I give you a list of research and science related domains. You task is to generate a short description (30-50 words) of each domain. The goal is for someone to read the description and be able to tell whether their oorganisation or group fits under the domain"	Humanities	Languages and literature	6DC9618F	https://en.wikipedia.org/wiki/Linguistics
FF5132A5	CD19AFF7	Other humanities	Other humanities is a broad category encompassing diverse fields that study human culture and experiences, including but not limited to art history, musicology, and studies of various cultures and civilizations not specifically covered by other humanities disciplines.	This decription was generated via the following AI prompt using OpenAI technolohy: "I give you a list of research and science related domains. You task is to generate a short description (30-50 words) of each domain. The goal is for someone to read the description and be able to tell whether their oorganisation or group fits under the domain"	Humanities	Other humanities	6DC9618F	
33881971	0191D876	Philosophy, ethics and religion	Philosophy, ethics, and religion encompasses the study of fundamental questions about existence, knowledge, values, reason, mind, and language, along with beliefs and practices related to the sacred or divine.	This decription was generated via the following AI prompt using OpenAI technolohy: "I give you a list of research and science related domains. You task is to generate a short description (30-50 words) of each domain. The goal is for someone to read the description and be able to tell whether their oorganisation or group fits under the domain"	Humanities	Philosophy, ethics and religion	6DC9618F	https://en.wikipedia.org/wiki/Philosophy
243CC7A9	6DC9618F	Humanities	Humanities encompass academic disciplines focused on human society and culture, originally centered on classical literature during the Renaissance but now broader, excluding natural and applied sciences. They include philosophy, religion, linguistics, foreign and classical languages, history, literature, and the arts, employing critical, speculative, and interpretative methods with a historical emphasis, contrasting the empirical nature of sciences.	This decription was generated via the wikipedia page and the following AI prompt using OpenAI technology: "I give you a text which explains a research domain. Your task is to shorten the text so it is between 30 and 60 words long. The goal is to have a short description of the domain. You are not allowed to add any information which is not already present in the text."	Humanities	Humanities		https://en.wikipedia.org/wiki/Humanities
864A5A4C	F658ED09	Basic medicine	Basic medicine is the foundational study of the human body and its diseases, aiming to understand the biological and chemical processes that affect health, providing the basis for developing treatments and cures.	This decription was generated via the following AI prompt using OpenAI technolohy: "I give you a list of research and science related domains. You task is to generate a short description (30-50 words) of each domain. The goal is for someone to read the description and be able to tell whether their oorganisation or group fits under the domain"	Medical and Health Sciences	Basic medicine	95093901	https://en.wikipedia.org/wiki/Medicine
5B3E6CDD	809F56AB	Clinical medicine	Clinical medicine is focused on the diagnosis, treatment, and prevention of diseases, primarily through direct patient care. It applies findings from basic medicine in a practical settings to improve patient health.	This decription was generated via the following AI prompt using OpenAI technolohy: "I give you a list of research and science related domains. You task is to generate a short description (30-50 words) of each domain. The goal is for someone to read the description and be able to tell whether their oorganisation or group fits under the domain"	Medical and Health Sciences	Clinical medicine	95093901	https://en.wikipedia.org/wiki/Clinical_medicine
BBD7A4E8	1C62B010	Health biotechnology	Health biotechnology involves using living organisms or their products to develop or modify healthcare products and procedures, aiming to improve the diagnosis, prevention, and treatment of diseases.	This decription was generated via the following AI prompt using OpenAI technolohy: "I give you a list of research and science related domains. You task is to generate a short description (30-50 words) of each domain. The goal is for someone to read the description and be able to tell whether their oorganisation or group fits under the domain"	Medical and Health Sciences	Health biotechnology	95093901	
CE1A660B	337D6D04	Health sciences	Health sciences encompass several academic disciplines focused on health and healthcare, including STEM and emerging patient safety fields like social care research. This broad domain integrates various sectors to address health-related issues comprehensively.	This decription was generated via the wikipedia page and the following AI prompt using OpenAI technology: "I give you a text which explains a research domain. Your task is to shorten the text so it is between 30 and 60 words long. The goal is to have a short description of the domain. You are not allowed to add any information which is not already present in the text."	Medical and Health Sciences	Health sciences	95093901	https://en.wikipedia.org/wiki/Health_sciences
C776369A	D75F9B74	Other medical sciences	Other medical sciences include specialized branches of medicine and health that do not fit into traditional categories, including areas such as pathology, medical genetics, and rehabilitation sciences.	This decription was generated via the following AI prompt using OpenAI technolohy: "I give you a list of research and science related domains. You task is to generate a short description (30-50 words) of each domain. The goal is for someone to read the description and be able to tell whether their oorganisation or group fits under the domain"	Medical and Health Sciences	Other medical sciences	95093901	
48C2B750	95093901	Medical and health sciences	Medical and health sciences is a broad domain covering all aspects of studying, preventing, and treating human illnesses and promoting health through research, diagnosis, and intervention.	This decription was generated via the following AI prompt using OpenAI technolohy: "I give you a list of research and science related domains. You task is to generate a short description (30-50 words) of each domain. The goal is for someone to read the description and be able to tell whether their oorganisation or group fits under the domain"	Medical and Health Sciences	Medical and Health Sciences		https://en.wikipedia.org/wiki/Health_sciences
5845D63E	D17D26A9	Biological sciences	Biological sciences delve into the study of living organisms and their interactions with each other and their environments, encompassing fields such as ecology, evolution, genetics, and neuroscience.	This decription was generated via the following AI prompt using OpenAI technolohy: "I give you a list of research and science related domains. You task is to generate a short description (30-50 words) of each domain. The goal is for someone to read the description and be able to tell whether their oorganisation or group fits under the domain"	Natural Sciences	Biological sciences	18792041	https://en.wikipedia.org/wiki/Biological_sciences
A76620F6	F2E6C052	Chemical sciences	Chemical sciences explore the composition, structure, properties, and reactions of matter, particularly at the molecular and atomic levels, aiming to understand and manipulate chemical processes.	This decription was generated via the following AI prompt using OpenAI technolohy: "I give you a list of research and science related domains. You task is to generate a short description (30-50 words) of each domain. The goal is for someone to read the description and be able to tell whether their oorganisation or group fits under the domain"	Natural Sciences	Chemical sciences	18792041	https://en.wikipedia.org/wiki/Chemical_sciences
F4DB5912	5CB3D8C8	Computer and information sciences	Computer and information sciences focus on the theory, experimentation, and engineering that form the basis for the design and use of computers, emphasizing software development, data analytics, and the study of algorithms.	This decription was generated via the following AI prompt using OpenAI technolohy: "I give you a list of research and science related domains. You task is to generate a short description (30-50 words) of each domain. The goal is for someone to read the description and be able to tell whether their oorganisation or group fits under the domain"	Natural Sciences	Computer and information sciences	18792041	
7F7DED36	51DE8B93	Earth and related environmental sciences	Earth and related environmental sciences study the Earth, its composition, processes, and history, along with the impact of human activity on the planet, aiming to understand climate, natural resources, and geological hazards.	This decription was generated via the following AI prompt using OpenAI technolohy: "I give you a list of research and science related domains. You task is to generate a short description (30-50 words) of each domain. The goal is for someone to read the description and be able to tell whether their oorganisation or group fits under the domain"	Natural Sciences	Earth and related environmental sciences	18792041	https://en.wikipedia.org/wiki/Environmental_sciences
3F24B19A	E840EB86	Mathematics	Mathematics encompasses the study of numbers, formulas, structures, shapes, spaces, and quantities, including changes. It divides into subdisciplines like number theory, algebra, geometry, and analysis. Mathematical work primarily involves discovering properties of abstract objects and using deductive reasoning to prove them, employing theorems, axioms, and foundational truths as bases for such proofs. There's no unified definition of the field among mathematicians.	This decription was generated via the wikipedia page and the following AI prompt using OpenAI technology: "I give you a text which explains a research domain. Your task is to shorten the text so it is between 30 and 60 words long. The goal is to have a short description of the domain. You are not allowed to add any information which is not already present in the text."	Natural Sciences	Mathematics	18792041	https://en.wikipedia.org/wiki/Mathematics
3FA4B19A	2581C431	Natural sciences	Natural sciences focus on understanding the natural world through observations and experiments. This field includes biology, chemistry, physics, and earth sciences, aiming to uncover the laws governing the universe.	This decription was generated via the following AI prompt using OpenAI technolohy: "I give you a list of research and science related domains. You task is to generate a short description (30-50 words) of each domain. The goal is for someone to read the description and be able to tell whether their oorganisation or group fits under the domain"	Natural sciences	Natural sciences		
DA05C1B0	54EDC966	Other natural sciences	Other natural sciences entail specialized areas not fully covered by the main branches, such as astronomy, meteorology, and oceanography. These disciplines explore more specific aspects of the natural world and its phenomena.	This decription was generated via the following AI prompt using OpenAI technolohy: "I give you a list of research and science related domains. You task is to generate a short description (30-50 words) of each domain. The goal is for someone to read the description and be able to tell whether their oorganisation or group fits under the domain"	Natural Sciences	Other natural sciences	18792041	
F54245C5	29CE1D1A	Physical sciences	Physical science, a systematic branch of natural science, focuses on understanding and predicting phenomena in the non-living world, based on empirical evidence. It emphasizes the importance of scientific validation through peer review, repeatability, validity, and accuracy. Physical science is categorized distinctly from life science, together comprising the major branches of natural sciences.	This decription was generated via the wikipedia page and the following AI prompt using OpenAI technology: "I give you a text which explains a research domain. Your task is to shorten the text so it is between 30 and 60 words long. The goal is to have a short description of the domain. You are not allowed to add any information which is not already present in the text."	Natural Sciences	Physical sciences	18792041	https://en.wikipedia.org/wiki/Physical_sciences
F713785D	3CD09AF9	Economics and business	Economics and business encompass the study of production, distribution, and consumption of goods and services, along with the management of financial resources, operations, and marketing in organizations.	This decription was generated via the following AI prompt using OpenAI technolohy: "I give you a list of research and science related domains. You task is to generate a short description (30-50 words) of each domain. The goal is for someone to read the description and be able to tell whether their oorganisation or group fits under the domain"	Social Sciences	Economics and business	C930FF6D	https://en.wikipedia.org/wiki/Economics
28DBC4A7	C1E4C81A	Educational sciences	Education sciences, traditionally known as pedagogy, focus on analyzing, understanding, and shaping education policy and practice. This field covers various topics like curriculum development, learning theories, and education leadership, drawing insights from disciplines such as history, philosophy, and psychology. Educational programs and theorists are often associated with terms like pedagogy and are critical in forming educational frameworks globally.	This decription was generated via the wikipedia page and the following AI prompt using OpenAI technology: "I give you a text which explains a research domain. Your task is to shorten the text so it is between 30 and 60 words long. The goal is to have a short description of the domain. You are not allowed to add any information which is not already present in the text."	Social Sciences	Educational sciences	C930FF6D	https://en.wikipedia.org/wiki/Educational_science
0F66D90A	1FD22581	Law	Law focuses on the system of rules created and enforced through social or governmental institutions to regulate behavior. It includes various areas such as civil, criminal, and international law.	This decription was generated via the following AI prompt using OpenAI technolohy: "I give you a list of research and science related domains. You task is to generate a short description (30-50 words) of each domain. The goal is for someone to read the description and be able to tell whether their oorganisation or group fits under the domain"	Social Sciences	Law	C930FF6D	https://en.wikipedia.org/wiki/Law
7A7184DA	B44F0E9D	Media and communications	Media and communications involve the study of how information is conveyed and received through various mediums, including television, radio, print, and digital platforms. It explores the impact of messages on audiences and society.	This decription was generated via the following AI prompt using OpenAI technolohy: "I give you a list of research and science related domains. You task is to generate a short description (30-50 words) of each domain. The goal is for someone to read the description and be able to tell whether their oorganisation or group fits under the domain"	Social Sciences	Media and communications	C930FF6D	https://en.wikipedia.org/wiki/Media_studies
AEF3BC70	1CE5D406	Other social sciences	Other social sciences cover disciplines that examine societal aspects not encompassed by major branches, including anthropology, and regional studies, focusing on cultural, historical, and social dynamics.	This decription was generated via the following AI prompt using OpenAI technolohy: "I give you a list of research and science related domains. You task is to generate a short description (30-50 words) of each domain. The goal is for someone to read the description and be able to tell whether their oorganisation or group fits under the domain"	Social Sciences	Other social sciences	C930FF6D	
52332781	14BAB0C3	Political science	Political science examines politics through governance, power systems, and political activities, thought, and behavior analysis, including laws and constitutions. It branches into comparative politics, international relations, and political theory, positioning it as a vital social science discipline.	This decription was generated via the wikipedia page and the following AI prompt using OpenAI technology: "I give you a text which explains a research domain. Your task is to shorten the text so it is between 30 and 60 words long. The goal is to have a short description of the domain. You are not allowed to add any information which is not already present in the text."	Social Sciences	Political Science	C930FF6D	https://en.wikipedia.org/wiki/Political_science
CFBF4546	F2BC1716	Psychology	Psychology explores the mind and behavior, covering human and nonhuman actions, conscious and unconscious phenomena, and mental processes like thoughts and feelings. It's a vast academic field that intersects natural and social sciences, connecting to neuroscience through the study of brains and focusing on individual and group behaviors as a social science.	This decription was generated via the wikipedia page and the following AI prompt using OpenAI technology: "I give you a text which explains a research domain. Your task is to shorten the text so it is between 30 and 60 words long. The goal is to have a short description of the domain. You are not allowed to add any information which is not already present in the text."	Social Sciences	Psychology	C930FF6D	https://en.wikipedia.org/wiki/Psychology
4A34F8CD	055BCEA8	Social and economic geography	Social and economic geography looks at how people, cultures, and economies distribute across the world and interact with their environments. It studies patterns of resource use, urban development, and globalization effects.	This decription was generated via the following AI prompt using OpenAI technolohy: "I give you a list of research and science related domains. You task is to generate a short description (30-50 words) of each domain. The goal is for someone to read the description and be able to tell whether their oorganisation or group fits under the domain"	Social Sciences	Social and economic geography	C930FF6D	https://en.wikipedia.org/wiki/Social_geography
B91FC103	04DFE4A5	Social sciences	Social sciences, initially focused on sociology, now includes disciplines like anthropology, economics, psychology, and more, studying societies and interindividual relationships. It evolved from the 18th century, embracing both positivist methods akin to natural sciences and interpretivist approaches with social critique or symbolic interpretation. Modern social scientists often mix methodologies, and social research has become an interdisciplinary field with shared goals and methods.	This decription was generated via the wikipedia page and the following AI prompt using OpenAI technology: "I give you a text which explains a research domain. Your task is to shorten the text so it is between 30 and 60 words long. The goal is to have a short description of the domain. You are not allowed to add any information which is not already present in the text."	Social Sciences			https://en.wikipedia.org/wiki/Social_science
64BB84FC	C930FF6D	Sociology	Sociology is the study of human society, analyzing social behavior, relationships, culture, and social interaction. Spanning both social sciences and humanities, it employs empirical research and critical analysis to understand social order and change. Sociologists examine everything from individual interactions and social structures to broader societal issues, applying findings to social policy and exploring subjects like stratification, mobility, religion, law, gender, the digital divide, health, economy, and education.	This decription was generated via the wikipedia page and the following AI prompt using OpenAI technology: "I give you a text which explains a research domain. Your task is to shorten the text so it is between 30 and 60 words long. The goal is to have a short description of the domain. You are not allowed to add any information which is not already present in the text."	Social Sciences	Sociology	C930FF6D	https://en.wikipedia.org/wiki/Sociology