uuid_element	element	description
rda_tiger:ZW6TB2VETKECBDP4UTZM	Governance*	human individuals and groups comprised of stakeholders that define the commons purpose and the development of the strategies, objectives, values, and policies that frame how that purpose will be pursued.
rda_tiger:RFB2YHM3VZ7HT9BXO9IV	Rules of Participation & Access*	a set of policies defining a minimal set of rights, obligations, and accountiability governing the activities of those participating in the commons*.
rda_tiger:U6WYGX7D2GJR7NPHR3YW	Sustainability*	models and agreements made on how to fund or resouce activities in a way that can be sustained over the long term.
rda_tiger:UGVMXPKHTORMQW3ITOYJ	Engagement*	methods, mechanisms, and means used to interact with the broad research commons community* to involve them in activities. specifically human engagement, as technical engagement is captured in services* & tools*
rda_tiger:4YH8UKWPKPOMTXRRWYGX	Human Capacity*	the ability of the commons* to create a human-friendly environment for all stakeholders* and community* members* in all aspects, specifically for users*, providers*, and internal staff, so that the commons* can set and achieve objectives, perform functions, solve problems, and continue to develop the means and conditions required to enable this process.
rda_tiger:UAXSZAUMR4RUZTHCCAM6	ICT Infrastructure*	information and communications technology infrastructure, the physical components that a computer system requires to function and are necessary to conduct research.
rda_tiger:F7XGT4JRE3XDHC42BT7U	Interoperability*	the ability of research objects* or tools* from different resources to integrate or work together with minimal effort. e.g. a research data file can be used by two different commons* hpc infrastructure.
rda_tiger:G7JDIIXYBZCLYDGTATJX	Standards*	a repeatable, harmonized, agreed and documented way of doing something.
rda_tiger:C74HCHHHDLR6SJQGFTTR	Services* & Tools*	service: any commons* element that can be invoked by users* to perform some action on their behalf. tool: any commons* element that enables users* to perform one or more operations, typically on data with data as the output.
rda_tiger:UEHS3BVHPDSPW4WGIQ69	Research Object*	any input or output of any and all stages of the research process.