UUID_Group1	Title_Group1	Relation	UUID_Group2	Title_Group2	Relation_Description	Description_source	Description_URL
rda_graph:230464B5	Complex Citations Working Group	isCollaborator	rda_graph:00058357	ESIP/RDA Earth, Space, and Environmental Sciences IG	"We will collaborate with the Working Groups related to the ESIP/RDA Earth, Space, and Environmental Sciences IG"	Group1 Case statement	https://www.rd-alliance.org/group/complex-citations-working-group/case-statement/complex-citations-working-group-case-statement
rda_graph:230464B5	Complex Citations Working Group	isCollaborator	rda_graph:A4ABEB6D	RDA/WDS Scholarly Link Exchange (Scholix) WG	"will collaborate [...] on infrastructure issues"	Group1 Case statement	https://www.rd-alliance.org/group/complex-citations-working-group/case-statement/complex-citations-working-group-case-statement
rda_graph:230464B5	Complex Citations Working Group	isCollaborator	rda_graph:46CBC376	Data Citation WG	"will collaborate [...] on best practices in citation"	Group1 Case statement	https://www.rd-alliance.org/group/complex-citations-working-group/case-statement/complex-citations-working-group-case-statement
rda_graph:230464B5	Complex Citations Working Group	isRelated	rda_graph:365CAED9	FAIR Digital Object Fabric IG	"related to the concepts discussed [in group 2]"	Group1 Case statement	https://www.rd-alliance.org/group/complex-citations-working-group/case-statement/complex-citations-working-group-case-statement
rda_graph:230464B5	Complex Citations Working Group	isRelated	rda_graph:3BF26F71	Data Granularity WG	"related to the concepts discussed [in group 2]"	Group1 Case statement	https://www.rd-alliance.org/group/complex-citations-working-group/case-statement/complex-citations-working-group-case-statement
rda_graph:230464B5	Complex Citations Working Group	isRelated	rda_graph:00064798	Global Open Research Commons IG	"related to the concepts discussed [in group 2]"	Group1 Case statement	https://www.rd-alliance.org/group/complex-citations-working-group/case-statement/complex-citations-working-group-case-statement
rda_graph:230464B5	Complex Citations Working Group	isRelated	rda_graph:7736F1D1	RDA/WDS Publishing Data Workflows WG	"related to the concepts discussed [in group 2]"	Group1 Case statement	https://www.rd-alliance.org/group/complex-citations-working-group/case-statement/complex-citations-working-group-case-statement
rda_graph:00072352	Repository Audit and Certification DSA–WDS Partnership WG	isSuccessor	rda_graph:DA83B086	CoreTrustSeal Maintenance WG	"The CoreTrustSeal Maintenance Group is the successor to and maintains the outputs of the Repository Audit and Certification DSA–WDS Partnership WG" 	Group2 RDA page	https://rd-alliance.org/groups/repository-audit-and-certification-dsa%E2%80%93wds-partnership-wg.html 
rda_graph:5000B80F	Exposing Data Management Plans WG	isCollaborator	rda_graph:8485631B	Active Data Management Plans IG	"Much of this community endorsed advancement is now being undertaken within the context of the Active DMPs IG and interested persons are encouraged to join"	Group1 RDA page	https://www.rd-alliance.org/groups/exposing-data-management-plans-wg
rda_graph:00070626	Epidemiology common standard for surveillance data reporting WG	isRelated	rda_graph:E440A7DC	DMP Common Standards WG	"The WG will monitor and align its efforts with other related activities, including:"	Group1 Case Statement	https://www.rd-alliance.org/group/epidemiology-common-standard-surveillance-data-reporting-wg/case-statement/rdacodata
rda_graph:00070626	Epidemiology common standard for surveillance data reporting WG	isRelated	rda_graph:F68CA949	RDA COVID-19	"The WG will monitor and align its efforts with other related activities, including:"	Group1 Case Statement	https://www.rd-alliance.org/group/epidemiology-common-standard-surveillance-data-reporting-wg/case-statement/rdacodata
rda_graph:00070626	Epidemiology common standard for surveillance data reporting WG	isRelated	rda_graph:F037D072	FAIRsharing Registry: Connecting data policies, standards and databases RDA WG	"The WG will monitor and align its efforts with other related activities, including:"	Group1 Case Statement	https://www.rd-alliance.org/group/epidemiology-common-standard-surveillance-data-reporting-wg/case-statement/rdacodata
rda_graph:00070626	Epidemiology common standard for surveillance data reporting WG	isRelated	rda_graph:00050279	Research Data Repository Interoperability WG	"The WG will monitor and align its efforts with other related activities, including:"	Group1 Case Statement	https://www.rd-alliance.org/group/epidemiology-common-standard-surveillance-data-reporting-wg/case-statement/rdacodata
rda_graph:00070626	Epidemiology common standard for surveillance data reporting WG	isRelated	rda_graph:00045120	Reproducibility IG	"The WG will monitor and align its efforts with other related activities, including:"	Group1 Case Statement	https://www.rd-alliance.org/group/epidemiology-common-standard-surveillance-data-reporting-wg/case-statement/rdacodata
rda_graph:00054046	Teaching TDM on Education and Skill Development WG	isCollaborator	rda_graph:6A1A68A6	Education and Training on Handling of Research Data IG	"Developed during the Plenary in Denver IG session Education and Training on handling of research data"	Group1 Case Statement	https://www.rd-alliance.org/group/teaching-tdm-education-and-skill-development-wg/case-statement/teaching-tdm-education-and#_ftn1
rda_graph:00048839	Research Data Collections WG	isRelated	rda_graph:365CAED9	FAIR Digital Object Fabric IG			
rda_graph:8A27AB95	GORC International Model WG	isRelated	rda_graph:00064798	Global Open Research Commons IG			
rda_graph:00000153	Metadata Standards Directory WG	isRelated	rda_graph:E33AA193	Metadata IG			
rda_graph:F78A9F9F	Scientific Knowledge Graphs - Interoperability Framework (SKG-IF) WG	isRelated	rda_graph:00063572	Open Science Graphs for FAIR Data IG			
rda_graph:CA105667	Research Metadata Schemas WG	isRelated	rda_graph:00052248	Data Discovery Paradigms IG			
rda_graph:9246BCBC	FAIR for Research Software (FAIR4RS) WG	isRelated	rda_graph:00056578	Software Source Code IG			
rda_graph:6E0807DC	International Materials Resource Registries WG	isRelated	rda_graph:F9AE2231	RDA/CODATA Materials Data, Infrastructure & Interoperability IG			
rda_graph:00044534	RDA/WDS Publishing Data Services WG	isRelated	rda_graph:B8D3DA0D	RDA/WDS Publishing Data IG			
rda_graph:00059857	RDA/FORCE11 Software Source Code Identification WG	isRelated	rda_graph:00056578	Software Source Code IG			
rda_graph:00054458	WDS/RDA Assessment of Data Fitness for Use WG	isRelated	rda_graph:B8D3DA0D	RDA/WDS Publishing Data IG			
rda_graph:00054458	WDS/RDA Assessment of Data Fitness for Use WG	isRelated	rda_graph:E2087F01	Reproducible Health Data Services WG			
rda_graph:9B4102E4	Agrisemantics WG	wasChild	rda_graph:00073754	IGAD Community of Practice	"Former Working Groups"	Group2 RDA Page	https://www.rd-alliance.org/groups/agriculture-data-interest-group-igad.html
rda_graph:4E8258F6	Wheat Data Interoperability WG	wasChild	rda_graph:00073754	IGAD Community of Practice	"Former Working Groups"	Group2 RDA Page	https://www.rd-alliance.org/groups/agriculture-data-interest-group-igad.html
rda_graph:00051514	Rice Data Interoperability WG	wasChild	rda_graph:00073754	IGAD Community of Practice	"Former Working Groups"	Group2 RDA Page	https://www.rd-alliance.org/groups/agriculture-data-interest-group-igad.html
rda_graph:CF1D4EFF	Capacity Development for Agriculture Data WG	wasChild	rda_graph:00073754	IGAD Community of Practice	"Former Working Groups"	Group2 RDA Page	https://www.rd-alliance.org/groups/agriculture-data-interest-group-igad.html