UUID_Individual	(Individual)	Member_Type	UUID_Group	(Group_Type)	(Group_Title)
rda_graph:B00E2440	Whitehead, Brandon	Co-Chair	rda_graph:9B4102E4	Working Group	Agrisemantics WG
rda_graph:55386DB8	Caracciolo, Caterina	Co-Chair	rda_graph:9B4102E4	Working Group	Agrisemantics WG
rda_graph:F5D9F81E	Aubin, Sophie	Co-Chair	rda_graph:9B4102E4	Working Group	Agrisemantics WG
rda_graph:7FDB1F02	Baumann, Peter	Co-Chair	rda_graph:00050325	Working Group	Array Database Assessment WG
rda_graph:28608DEF	Bauzer Medeiros, Claudia	Co-Chair	rda_graph:DC13BC0D	Working Group	Artificial Intelligence and Data Visitation (AIDV) WG
rda_graph:E3D6D5BF	Crawley, Francis P.	Co-Chair	rda_graph:DC13BC0D	Working Group	Artificial Intelligence and Data Visitation (AIDV) WG
rda_graph:D6666460	Ekmekci, Perihan Elif	Co-Chair	rda_graph:DC13BC0D	Working Group	Artificial Intelligence and Data Visitation (AIDV) WG
rda_graph:E2BA74F1	Morley-Fletcher, Edwin	Co-Chair	rda_graph:F8C3E8EE	Working Group	Blockchain Applications in Health WG
rda_graph:40C24C86	Durst, Ludovica	Co-Chair	rda_graph:F8C3E8EE	Working Group	Blockchain Applications in Health WG
rda_graph:C500BBA3	Pearlman, Jay	Co-Chair	rda_graph:D853DFBD	Working Group	Brokering Framework Working Group
rda_graph:AB502170	Diepenbroek, Michael	Co-Chair	rda_graph:D853DFBD	Working Group	Brokering Framework Working Group
rda_graph:3B2AAF54	Nativi, Stefano	Co-Chair	rda_graph:D853DFBD	Working Group	Brokering Framework Working Group
rda_graph:097D1697	Suominen, Tommi	Co-Chair	rda_graph:D853DFBD	Working Group	Brokering Framework Working Group
rda_graph:01417C45	HUGO, Wim	Co-Chair	rda_graph:D853DFBD	Working Group	Brokering Framework Working Group
rda_graph:8E752E00	Msengezi, Chipo	Co-Chair	rda_graph:CF1D4EFF	Working Group	Capacity Development for Agriculture Data WG
rda_graph:54C2F20D	Wegner, Karna	Co-Chair	rda_graph:CF1D4EFF	Working Group	Capacity Development for Agriculture Data WG
rda_graph:4BF90978	Anand, Suchith	Co-Chair	rda_graph:CF1D4EFF	Working Group	Capacity Development for Agriculture Data WG
rda_graph:766EAD4B	Krakowian, Malgorzata	Co-Chair	rda_graph:00054366	Working Group	Certification and Accreditation for Data Science Training and Education WG
rda_graph:8EA04891	Brewer, Steve	Co-Chair	rda_graph:00054366	Working Group	Certification and Accreditation for Data Science Training and Education WG
rda_graph:BD196F1F	Agarwal, Deb	Co-Chair	rda_graph:230464B5	Working Group	Complex Citations Working Group
rda_graph:E8AEB9F2	Wyborn, Lesley	Co-Chair	rda_graph:230464B5	Working Group	Complex Citations Working Group
rda_graph:E6E85E4A	Stockhause, Martina	Co-Chair	rda_graph:230464B5	Working Group	Complex Citations Working Group
rda_graph:E1C9264E	Stall, Shelley	Co-Chair	rda_graph:230464B5	Working Group	Complex Citations Working Group
rda_graph:BA8BC97C	Crabtree, Jonathan	Co-Chair	rda_graph:DA83B086	Working Group	CoreTrustSeal Maintenance WG
rda_graph:CF1F7612	de Leeuw, Lisa	Co-Chair	rda_graph:DA83B086	Working Group	CoreTrustSeal Maintenance WG
rda_graph:FCC97CD3	ARGUILLAS, FLORIO JR	Co-Chair	rda_graph:8634FB10	Working Group	CURE-FAIR WG
rda_graph:141FC75E	Peer, Limor	Co-Chair	rda_graph:8634FB10	Working Group	CURE-FAIR WG
rda_graph:2C82C247	Gooch, Mandy	Co-Chair	rda_graph:8634FB10	Working Group	CURE-FAIR WG
rda_graph:FDF92E7F	Christian, Thu-Mai	Co-Chair	rda_graph:8634FB10	Working Group	CURE-FAIR WG
rda_graph:9A459AE5	Honeyman, Tom	Co-Chair	rda_graph:8634FB10	Working Group	CURE-FAIR WG
rda_graph:2596BBCB	Rauber, Andreas	Co-Chair	rda_graph:46CBC376	Working Group	Data Citation WG
rda_graph:59908749	Parsons, Mark	Co-Chair	rda_graph:46CBC376	Working Group	Data Citation WG
rda_graph:3209A78C	Burton, Adrian	Co-Chair	rda_graph:00001083	Working Group	Data Description Registry Interoperability (DDRI) WG
rda_graph:8D10260D	Aryani, Amir	Co-Chair	rda_graph:00001083	Working Group	Data Description Registry Interoperability (DDRI) WG
rda_graph:9527F372	Berg-Cross, Gary	Co-Chair	rda_graph:00000147	Working Group	Data Foundation and Terminology WG
rda_graph:2D9A8534	Wittenburg, Peter	Co-Chair	rda_graph:00000147	Working Group	Data Foundation and Terminology WG
rda_graph:8B767CC5	Ritz, Raphael	Co-Chair	rda_graph:00000147	Working Group	Data Foundation and Terminology WG
rda_graph:FDDC9827	Mathiak, Brigitte	Co-Chair	rda_graph:3BF26F71	Working Group	Data Granularity WG
rda_graph:1FBD4C00	McNeill, Katherine	Co-Chair	rda_graph:3BF26F71	Working Group	Data Granularity WG
rda_graph:66A70B75	Jenkyns, Reyna	Co-Chair	rda_graph:3BF26F71	Working Group	Data Granularity WG
rda_graph:513A02FE	Lister, Allyson	Co-Chair	rda_graph:179A055B	Working Group	Data Repository Attributes WG
rda_graph:148961F3	Shearer, Kathleen	Co-Chair	rda_graph:179A055B	Working Group	Data Repository Attributes WG
rda_graph:A1B681D2	Yamaji, Kazu	Co-Chair	rda_graph:179A055B	Working Group	Data Repository Attributes WG
rda_graph:C1FB8B5A	Cannon, Matthew	Co-Chair	rda_graph:179A055B	Working Group	Data Repository Attributes WG
rda_graph:18C26CDD	Witt, Michael	Co-Chair	rda_graph:179A055B	Working Group	Data Repository Attributes WG
rda_graph:5920AD8B	Segundo, Washington Luís Ribeiro de	Co-Chair	rda_graph:179A055B	Working Group	Data Repository Attributes WG
rda_graph:3C866FE5	Scicchitano, Alessandra	Co-Chair	rda_graph:00050276	Working Group	Data Security and Trust WG
rda_graph:B8A63C9A	Wilson, Becca	Co-Chair	rda_graph:00050276	Working Group	Data Security and Trust WG
rda_graph:F6EA8940	Mayer, Rudolf	Co-Chair	rda_graph:00050276	Working Group	Data Security and Trust WG
rda_graph:B43E22B4	Proell, Stefan	Co-Chair	rda_graph:00050276	Working Group	Data Security and Trust WG
rda_graph:6A1167E4	Lannom, Larry	Co-Chair	rda_graph:00000145	Working Group	Data Type Registries WG & #2
rda_graph:07CAF096	Weigel, Tobias	Co-Chair	rda_graph:00000145	Working Group	Data Type Registries WG & #2
rda_graph:59952B30	Bruno, Ian	Co-Chair	rda_graph:810DBC31	Working Group	Data Usage Metrics WG
rda_graph:7F90F09C	Stathis, Kelly	Co-Chair	rda_graph:810DBC31	Working Group	Data Usage Metrics WG
rda_graph:4D225F75	Buys, Matthew	Co-Chair	rda_graph:810DBC31	Working Group	Data Usage Metrics WG
rda_graph:9127B623	Wham, Briana	Co-Chair	rda_graph:901DE404	Working Group	Discipline-specific Guidance for Data Management Plans WG
rda_graph:20738E71	Hausen, Daniela	Co-Chair	rda_graph:901DE404	Working Group	Discipline-specific Guidance for Data Management Plans WG
rda_graph:1C9B2DB6	Murray, Holly	Co-Chair	rda_graph:901DE404	Working Group	Discipline-specific Guidance for Data Management Plans WG
rda_graph:71A336B6	Anders, Ivonne	Co-Chair	rda_graph:901DE404	Working Group	Discipline-specific Guidance for Data Management Plans WG
rda_graph:322BA9DA	Hrudey, Jessica	Co-Chair	rda_graph:901DE404	Working Group	Discipline-specific Guidance for Data Management Plans WG
rda_graph:A71E31E5	Ilamparuthi, Santosh	Co-Chair	rda_graph:901DE404	Working Group	Discipline-specific Guidance for Data Management Plans WG
rda_graph:4DCC215E	Sheridan, Shannon	Co-Chair	rda_graph:901DE404	Working Group	Discipline-specific Guidance for Data Management Plans WG
rda_graph:E5F1FBED	Turkyilmaz-van der Velden, Yasemin	Co-Chair	rda_graph:901DE404	Working Group	Discipline-specific Guidance for Data Management Plans WG
rda_graph:6AFC2098	Suchánek, Marek	Co-Chair	rda_graph:E440A7DC	Working Group	DMP Common Standards WG
rda_graph:4187A54A	Neish, Peter	Co-Chair	rda_graph:E440A7DC	Working Group	DMP Common Standards WG
rda_graph:2EFD2162	Miksa, Tomasz	Co-Chair	rda_graph:E440A7DC	Working Group	DMP Common Standards WG
rda_graph:00ADEE01	Khandekar, Aalok	Co-Chair	rda_graph:00070626	Working Group	Empirical Humanities Metadata Working Group
rda_graph:05808AC5	Costelloe-Kuehn, Brandon	Co-Chair	rda_graph:00070626	Working Group	Empirical Humanities Metadata Working Group
rda_graph:C8F32CFA	Difranzo, Dominic	Co-Chair	rda_graph:00070626	Working Group	Empirical Humanities Metadata Working Group
rda_graph:1CE3202F	Holbrook, Jarita	Co-Chair	rda_graph:00070626	Working Group	Empirical Humanities Metadata Working Group
rda_graph:C10C2D5B	Poirier, Lindsay	Co-Chair	rda_graph:00070626	Working Group	Empirical Humanities Metadata Working Group
rda_graph:1040E0F2	Fortun, Mike	Co-Chair	rda_graph:00070626	Working Group	Empirical Humanities Metadata Working Group
rda_graph:ECB09E80	Whyte, Angus	Co-Chair	rda_graph:5000B80F	Working Group	Exposing Data Management Plans WG
rda_graph:2C82C565	Murphy, Fiona	Co-Chair	rda_graph:5000B80F	Working Group	Exposing Data Management Plans WG
rda_graph:BAC2788B	Unsworth, Kathryn	Co-Chair	rda_graph:5000B80F	Working Group	Exposing Data Management Plans WG
rda_graph:CF3327D9	Jacquemot-Perbal, Marie-Christine	Co-Chair	rda_graph:5000B80F	Working Group	Exposing Data Management Plans WG
rda_graph:955EC764	Meyers, Natalie	Co-Chair	rda_graph:5000B80F	Working Group	Exposing Data Management Plans WG
rda_graph:53CC249F	Herczog, Edit	Co-Chair	rda_graph:3854E5F3	Working Group	FAIR Data Maturity Model WG
rda_graph:AA4D116A	Russell, Keith	Co-Chair	rda_graph:3854E5F3	Working Group	FAIR Data Maturity Model WG
rda_graph:64E0940A	Jones, Sarah	Co-Chair	rda_graph:3854E5F3	Working Group	FAIR Data Maturity Model WG
rda_graph:E1C9264E	Stall, Shelley	Co-Chair	rda_graph:3854E5F3	Working Group	FAIR Data Maturity Model WG
rda_graph:D53212FB	Martinez-Ortiz, Carlos	Co-Chair	rda_graph:9246BCBC	Working Group	FAIR for Research Software (FAIR4RS) WG
rda_graph:433322A1	Katz, Daniel S.	Co-Chair	rda_graph:9246BCBC	Working Group	FAIR for Research Software (FAIR4RS) WG
rda_graph:DA241402	Psomopoulos, Fotis	Co-Chair	rda_graph:9246BCBC	Working Group	FAIR for Research Software (FAIR4RS) WG
rda_graph:D17B24CA	Harrow, Jennifer	Co-Chair	rda_graph:9246BCBC	Working Group	FAIR for Research Software (FAIR4RS) WG
rda_graph:2E1670FB	Castro, Leyla Jael	Co-Chair	rda_graph:9246BCBC	Working Group	FAIR for Research Software (FAIR4RS) WG
rda_graph:727FC908	Barker, Michelle	Co-Chair	rda_graph:9246BCBC	Working Group	FAIR for Research Software (FAIR4RS) WG
rda_graph:5F73819B	Gruenpeter, Morane	Co-Chair	rda_graph:9246BCBC	Working Group	FAIR for Research Software (FAIR4RS) WG
rda_graph:2BE5B69E	Chue Hong, Neil	Co-Chair	rda_graph:9246BCBC	Working Group	FAIR for Research Software (FAIR4RS) WG
rda_graph:657B4272	Martinez, Paula Andrea	Co-Chair	rda_graph:9246BCBC	Working Group	FAIR for Research Software (FAIR4RS) WG
rda_graph:7460C16F	Levett, Kerry	Co-Chair	rda_graph:594BB0DB	Working Group	FAIR for Virtual Research Environments WG
rda_graph:13D382D6	Dharmawardena, Kheeran	Co-Chair	rda_graph:594BB0DB	Working Group	FAIR for Virtual Research Environments WG
rda_graph:2E1670FB	Castro, Leyla Jael	Co-Chair	rda_graph:594BB0DB	Working Group	FAIR for Virtual Research Environments WG
rda_graph:533671C7	Gesing, Sandra	Co-Chair	rda_graph:594BB0DB	Working Group	FAIR for Virtual Research Environments WG
rda_graph:513A02FE	Lister, Allyson	Co-Chair	rda_graph:F037D072	Working Group	FAIRsharing Registry: Connecting data policies, standards and databases RDA WG
rda_graph:CC0CAB64	Smith, Graham	Co-Chair	rda_graph:F037D072	Working Group	FAIRsharing Registry: Connecting data policies, standards and databases RDA WG
rda_graph:1C9B2DB6	Murray, Holly	Co-Chair	rda_graph:F037D072	Working Group	FAIRsharing Registry: Connecting data policies, standards and databases RDA WG
rda_graph:1D378728	McQuilton, Peter	Co-Chair	rda_graph:F037D072	Working Group	FAIRsharing Registry: Connecting data policies, standards and databases RDA WG
rda_graph:08ADAF89	Taylor-Grant, Rebecca	Co-Chair	rda_graph:F037D072	Working Group	FAIRsharing Registry: Connecting data policies, standards and databases RDA WG
rda_graph:15370975	Hodson, Simon	Co-Chair	rda_graph:F037D072	Working Group	FAIRsharing Registry: Connecting data policies, standards and databases RDA WG
rda_graph:3674EFA3	Sansone, Susanna-Assunta	Co-Chair	rda_graph:F037D072	Working Group	FAIRsharing Registry: Connecting data policies, standards and databases RDA WG
rda_graph:E1B3DAE6	Ellenbroek, Anton	Co-Chair	rda_graph:00054174	Working Group	Fisheries Data Interoperability WG
rda_graph:9627F536	Charef, Aymen	Co-Chair	rda_graph:00054174	Working Group	Fisheries Data Interoperability WG
rda_graph:D573607C	Barde, Julien	Co-Chair	rda_graph:00054174	Working Group	Fisheries Data Interoperability WG
rda_graph:8F32948E	Treloar, Andrew	Co-Chair	rda_graph:8A27AB95	Working Group	GORC International Model WG
rda_graph:CF4B7BFA	Woodford, CJ	Co-Chair	rda_graph:8A27AB95	Working Group	GORC International Model WG
rda_graph:3F016303	Leggott, Mark	Co-Chair	rda_graph:8A27AB95	Working Group	GORC International Model WG
rda_graph:037C417C	Becker, Chandler	Co-Chair	rda_graph:6E0807DC	Working Group	International Materials Resource Registries WG
rda_graph:AF95A362	Plante, Raymond	Co-Chair	rda_graph:6E0807DC	Working Group	International Materials Resource Registries WG
rda_graph:4005B187	Devaraju, Anusuriya	Co-Chair	rda_graph:32733AF7	Working Group	InteroperAble Descriptions of Observable Property Terminology WG (I-ADOPT WG)
rda_graph:DDBEE9F7	Magagna, Barbara	Co-Chair	rda_graph:32733AF7	Working Group	InteroperAble Descriptions of Observable Property Terminology WG (I-ADOPT WG)
rda_graph:F48A9F84	Moncoiffé, Gwenaëlle	Co-Chair	rda_graph:32733AF7	Working Group	InteroperAble Descriptions of Observable Property Terminology WG (I-ADOPT WG)
rda_graph:AB916E40	Stoica, Maria	Co-Chair	rda_graph:32733AF7	Working Group	InteroperAble Descriptions of Observable Property Terminology WG (I-ADOPT WG)
rda_graph:68C9C1F7	Ball, Alex	Co-Chair	rda_graph:00048109	Working Group	Metadata Standards Catalog WG
rda_graph:94DA4CC0	Jeffery, Keith	Co-Chair	rda_graph:00048109	Working Group	Metadata Standards Catalog WG
rda_graph:7BB99B98	Koskela, Rebecca	Co-Chair	rda_graph:00048109	Working Group	Metadata Standards Catalog WG
rda_graph:68C9C1F7	Ball, Alex	Co-Chair	rda_graph:00000153	Working Group	Metadata Standards Directory WG
rda_graph:830FCDEE	Greenberg, Jane	Co-Chair	rda_graph:00000153	Working Group	Metadata Standards Directory WG
rda_graph:94DA4CC0	Jeffery, Keith	Co-Chair	rda_graph:00000153	Working Group	Metadata Standards Directory WG
rda_graph:7BB99B98	Koskela, Rebecca	Co-Chair	rda_graph:00000153	Working Group	Metadata Standards Directory WG
rda_graph:3BD02679	Brown, Christopher	Co-Chair	rda_graph:0E1A1722	Working Group	National PID Strategies WG
rda_graph:E1723DD2	Bangert, Daniel	Co-Chair	rda_graph:0E1A1722	Working Group	National PID Strategies WG
rda_graph:2F1C5E79	Simons, Natasha	Co-Chair	rda_graph:0E1A1722	Working Group	National PID Strategies WG
rda_graph:209C1CE1	Sadler, Shawna	Co-Chair	rda_graph:0E1A1722	Working Group	National PID Strategies WG
rda_graph:D62A7297	Roesch, Etienne	Co-Chair	rda_graph:2203AE3A	Working Group	Neuroimaging Data WG
rda_graph:9DBF9C23	Tremblay, Nicolas	Co-Chair	rda_graph:00054129	Working Group	On-Farm Data Sharing (OFDS) WG
rda_graph:77C4CF8C	Morris, Thomas	Co-Chair	rda_graph:00054129	Working Group	On-Farm Data Sharing (OFDS) WG
rda_graph:E861AC19	Darroch, Louise	Co-Chair	rda_graph:0FCED49F	Working Group	Persistent Identification of Instruments WG
rda_graph:DCC3602C	Stocker, Markus	Co-Chair	rda_graph:0FCED49F	Working Group	Persistent Identification of Instruments WG
rda_graph:102AFFFD	Krahl, Rolf	Co-Chair	rda_graph:0FCED49F	Working Group	Persistent Identification of Instruments WG
rda_graph:E9AEBA24	Habermann, Ted	Co-Chair	rda_graph:0FCED49F	Working Group	Persistent Identification of Instruments WG
rda_graph:07CAF096	Weigel, Tobias	Co-Chair	rda_graph:00000151	Working Group	PID Information Types WG
rda_graph:C8B18754	DiLauro, Tim	Co-Chair	rda_graph:00000151	Working Group	PID Information Types WG
rda_graph:07CAF096	Weigel, Tobias	Co-Chair	rda_graph:00054841	Working Group	PID Kernel Information Profile Management WG
rda_graph:290B586F	Plale, Beth	Co-Chair	rda_graph:00054841	Working Group	PID Kernel Information Profile Management WG
rda_graph:ECCCECF0	Klump, Jens	Co-Chair	rda_graph:00054841	Working Group	PID Kernel Information Profile Management WG
rda_graph:7AB401E2	Stotzka, Rainer	Co-Chair	rda_graph:00000149	Working Group	Practical Policy WG
rda_graph:8A6943F6	Moore, Reagan	Co-Chair	rda_graph:00000149	Working Group	Practical Policy WG
rda_graph:34AC6125	Dubin, David	Co-Chair	rda_graph:00055467	Working Group	Provenance Patterns WG
rda_graph:36292843	Missier, Paolo	Co-Chair	rda_graph:00055467	Working Group	Provenance Patterns WG
rda_graph:8D10260D	Aryani, Amir	Co-Chair	rda_graph:00060202	Working Group	Public Health Graph WG
rda_graph:70C0400C	Zapilko, Benjamin	Co-Chair	rda_graph:00060202	Working Group	Public Health Graph WG
rda_graph:1019EA7A	Gururaj, Anupama	Co-Chair	rda_graph:27FFA55D	Working Group	Raising FAIRness in health data and health research performing organisations (HRPOs) WG
rda_graph:AEB9B9C0	Alvarez-Romero, Celia	Co-Chair	rda_graph:27FFA55D	Working Group	Raising FAIRness in health data and health research performing organisations (HRPOs) WG
rda_graph:4D798565	Kang, Kristan	Co-Chair	rda_graph:27FFA55D	Working Group	Raising FAIRness in health data and health research performing organisations (HRPOs) WG
rda_graph:39574E96	Venkataraman, Shanmugasundaram	Co-Chair	rda_graph:27FFA55D	Working Group	Raising FAIRness in health data and health research performing organisations (HRPOs) WG
rda_graph:01EDAFB3	Basbug Erkan, Burcak	Co-Chair	rda_graph:EFB310A9	Working Group	RDA / CODATA Data Systems, Tools, and Services for Crisis Situations WG
rda_graph:E3D6D5BF	Crawley, Francis P.	Co-Chair	rda_graph:EFB310A9	Working Group	RDA / CODATA Data Systems, Tools, and Services for Crisis Situations WG
rda_graph:65A8FF2C	Bharathy, Gnana	Co-Chair	rda_graph:EFB310A9	Working Group	RDA / CODATA Data Systems, Tools, and Services for Crisis Situations WG
rda_graph:D6666460	Ekmekci, Perihan Elif	Co-Chair	rda_graph:EFB310A9	Working Group	RDA / CODATA Data Systems, Tools, and Services for Crisis Situations WG
rda_graph:6CFBC4DE	Kethers, Stefanie	Co-Chair	rda_graph:EFB310A9	Working Group	RDA / CODATA Data Systems, Tools, and Services for Crisis Situations WG
rda_graph:F4D056F0	Thessen, Anne	Co-Chair	rda_graph:FFF89ECB	Working Group	RDA / TDWG Metadata Standards for attribution of physical and digital collections stewardship
rda_graph:2BD47CBF	Koureas, Dimitris	Co-Chair	rda_graph:FFF89ECB	Working Group	RDA / TDWG Metadata Standards for attribution of physical and digital collections stewardship
rda_graph:A2CC000B	Woodburn, Matt	Co-Chair	rda_graph:FFF89ECB	Working Group	RDA / TDWG Metadata Standards for attribution of physical and digital collections stewardship
rda_graph:28608DEF	Bauzer Medeiros, Claudia	Co-Chair	rda_graph:19097139	Working Group	RDA & ReSA: Policies in Research Organisations for Research Software (PRO4RS)
rda_graph:23F002C8	Rudmann, Dan	Co-Chair	rda_graph:19097139	Working Group	RDA & ReSA: Policies in Research Organisations for Research Software (PRO4RS)
rda_graph:433322A1	Katz, Daniel S.	Co-Chair	rda_graph:19097139	Working Group	RDA & ReSA: Policies in Research Organisations for Research Software (PRO4RS)
rda_graph:9A6DBCF6	Shanahan, Hugh	Co-Chair	rda_graph:19097139	Working Group	RDA & ReSA: Policies in Research Organisations for Research Software (PRO4RS)
rda_graph:9532DC12	Cohen, Jeremy	Co-Chair	rda_graph:19097139	Working Group	RDA & ReSA: Policies in Research Organisations for Research Software (PRO4RS)
rda_graph:360F9115	Martin, Kim	Co-Chair	rda_graph:19097139	Working Group	RDA & ReSA: Policies in Research Organisations for Research Software (PRO4RS)
rda_graph:727FC908	Barker, Michelle	Co-Chair	rda_graph:19097139	Working Group	RDA & ReSA: Policies in Research Organisations for Research Software (PRO4RS)
rda_graph:ED1CB6E3	Hernandez Serrano, Pedro	Co-Chair	rda_graph:19097139	Working Group	RDA & ReSA: Policies in Research Organisations for Research Software (PRO4RS)
rda_graph:733D203C	Cambon-Thomsen, Anne	Co-Chair	rda_graph:F68CA949	Working Group	RDA COVID-19
rda_graph:139483B5	Dillo, Ingrid	Co-Chair	rda_graph:F68CA949	Working Group	RDA COVID-19
rda_graph:FF0747D4	Bicarregui, Juan	Co-Chair	rda_graph:F68CA949	Working Group	RDA COVID-19
rda_graph:3F016303	Leggott, Mark	Co-Chair	rda_graph:F68CA949	Working Group	RDA COVID-19
rda_graph:02A31701	Harrower, Natalie	Co-Chair	rda_graph:F68CA949	Working Group	RDA COVID-19
rda_graph:B53454E1	Pillai, Priyanka	Co-Chair	rda_graph:F68CA949	Working Group	RDA COVID-19
rda_graph:64E0940A	Jones, Sarah	Co-Chair	rda_graph:F68CA949	Working Group	RDA COVID-19
rda_graph:1412B00E	Austin, Claire	Co-Chair	rda_graph:22E290BB	Working Group	RDA COVID-19 Epidemiology
rda_graph:B53454E1	Pillai, Priyanka	Co-Chair	rda_graph:22E290BB	Working Group	RDA COVID-19 Epidemiology
rda_graph:BFF915E6	Nagrani, Rajini	Co-Chair	rda_graph:22E290BB	Working Group	RDA COVID-19 Epidemiology
rda_graph:733D203C	Cambon-Thomsen, Anne	Co-Chair	rda_graph:EDC35E4B	Working Group	RDA COVID19-Legal-Ethical
rda_graph:BFACE961	Jackson Dipina, Andrea	Co-Chair	rda_graph:00068845	Working Group	RDA-COVID19-Clinical
rda_graph:733D203C	Cambon-Thomsen, Anne	Co-Chair	rda_graph:00068845	Working Group	RDA-COVID19-Clinical
rda_graph:A145C597	Lin, Dawei	Co-Chair	rda_graph:00068845	Working Group	RDA-COVID19-Clinical
rda_graph:0407C1E8	Bonini, Sergio	Co-Chair	rda_graph:00068845	Working Group	RDA-COVID19-Clinical
rda_graph:526DD8C4	Mietchen, Daniel	Co-Chair	rda_graph:00068847	Working Group	RDA-COVID19-Community-participation
rda_graph:086AEDF0	Méndez, Eva	Co-Chair	rda_graph:00068847	Working Group	RDA-COVID19-Community-participation
rda_graph:AC8BA54A	Stocks, Joanne	Co-Chair	rda_graph:00068847	Working Group	RDA-COVID19-Community-participation
rda_graph:13D382D6	Dharmawardena, Kheeran	Co-Chair	rda_graph:00068847	Working Group	RDA-COVID19-Community-participation
rda_graph:64E0940A	Jones, Sarah	Co-Chair	rda_graph:00068847	Working Group	RDA-COVID19-Community-participation
rda_graph:3674EFA3	Sansone, Susanna-Assunta	Co-Chair	rda_graph:00068847	Working Group	RDA-COVID19-Community-participation
rda_graph:7DD4131C	Biro, Timea	Co-Chair	rda_graph:00068847	Working Group	RDA-COVID19-Community-participation
rda_graph:FF0747D4	Bicarregui, Juan	Co-Chair	rda_graph:00068843	Working Group	RDA-COVID19-Omics
rda_graph:955EC764	Meyers, Natalie	Co-Chair	rda_graph:00068843	Working Group	RDA-COVID19-Omics
rda_graph:C02D7563	Hooft, Rob	Co-Chair	rda_graph:00068843	Working Group	RDA-COVID19-Omics
rda_graph:B2DC1AA8	Pienta, Amy	Co-Chair	rda_graph:00068846	Working Group	RDA-COVID19-Social-Sciences
rda_graph:139483B5	Dillo, Ingrid	Co-Chair	rda_graph:00068846	Working Group	RDA-COVID19-Social-Sciences
rda_graph:9506A249	Kuchma, Iryna	Co-Chair	rda_graph:00068846	Working Group	RDA-COVID19-Social-Sciences
rda_graph:DA241402	Psomopoulos, Fotis	Co-Chair	rda_graph:00069318	Working Group	RDA-COVID19-Software
rda_graph:9A6DBCF6	Shanahan, Hugh	Co-Chair	rda_graph:00069318	Working Group	RDA-COVID19-Software
rda_graph:727FC908	Barker, Michelle	Co-Chair	rda_graph:00069318	Working Group	RDA-COVID19-Software
rda_graph:03DC98F1	Vials Moore, Adam	Co-Chair	rda_graph:EF42AB1B	Working Group	RDA-OfR Mapping the landscape of digital research tools WG
rda_graph:5A8C81BF	Adamolekun, Emmanuel	Co-Chair	rda_graph:EF42AB1B	Working Group	RDA-OfR Mapping the landscape of digital research tools WG
rda_graph:E3D6D5BF	Crawley, Francis P.	Co-Chair	rda_graph:EF42AB1B	Working Group	RDA-OfR Mapping the landscape of digital research tools WG
rda_graph:16715275	Rhee, Hea Lim	Co-Chair	rda_graph:EF42AB1B	Working Group	RDA-OfR Mapping the landscape of digital research tools WG
rda_graph:658EE17A	Macneil, Rory	Co-Chair	rda_graph:EF42AB1B	Working Group	RDA-OfR Mapping the landscape of digital research tools WG
rda_graph:95E9BA61	Harrison, Andrew	Co-Chair	rda_graph:9215FA30	Working Group	RDA/CODATA Summer Schools in Data Science and Cloud Computing in the Developing World WG
rda_graph:9A6DBCF6	Shanahan, Hugh	Co-Chair	rda_graph:9215FA30	Working Group	RDA/CODATA Summer Schools in Data Science and Cloud Computing in the Developing World WG
rda_graph:0CA07258	Quick, Robert	Co-Chair	rda_graph:9215FA30	Working Group	RDA/CODATA Summer Schools in Data Science and Cloud Computing in the Developing World WG
rda_graph:15370975	Hodson, Simon	Co-Chair	rda_graph:9215FA30	Working Group	RDA/CODATA Summer Schools in Data Science and Cloud Computing in the Developing World WG
rda_graph:F5DA9B03	Di Cosmo, Roberto	Co-Chair	rda_graph:00059857	Working Group	RDA/FORCE11 Software Source Code Identification WG
rda_graph:06001617	Fenner, Martin	Co-Chair	rda_graph:00059857	Working Group	RDA/FORCE11 Software Source Code Identification WG
rda_graph:433322A1	Katz, Daniel S.	Co-Chair	rda_graph:00059857	Working Group	RDA/FORCE11 Software Source Code Identification WG
rda_graph:6BD44CFC	Lehnert, Kerstin	Co-Chair	rda_graph:00044532	Working Group	RDA/WDS Publishing Data Bibliometrics WG
rda_graph:6363D726	Carpenter, Todd	Co-Chair	rda_graph:00044532	Working Group	RDA/WDS Publishing Data Bibliometrics WG
rda_graph:DF2CD8C4	Callaghan, Sarah	Co-Chair	rda_graph:00044532	Working Group	RDA/WDS Publishing Data Bibliometrics WG
rda_graph:D4CAA5C9	Koers, Hylke	Co-Chair	rda_graph:00044534	Working Group	RDA/WDS Publishing Data Services WG
rda_graph:3209A78C	Burton, Adrian	Co-Chair	rda_graph:00044534	Working Group	RDA/WDS Publishing Data Services WG
rda_graph:35D8E2C9	Nurnberger, Amy	Co-Chair	rda_graph:7736F1D1	Working Group	RDA/WDS Publishing Data Workflows WG
rda_graph:2C82C565	Murphy, Fiona	Co-Chair	rda_graph:7736F1D1	Working Group	RDA/WDS Publishing Data Workflows WG
rda_graph:AC7CE466	Dallmeier-Tiessen, Suenje	Co-Chair	rda_graph:7736F1D1	Working Group	RDA/WDS Publishing Data Workflows WG
rda_graph:D287C515	Khodiyar, Varsha	Co-Chair	rda_graph:7736F1D1	Working Group	RDA/WDS Publishing Data Workflows WG
rda_graph:5EE92BF4	Cousijn, Helena	Co-Chair	rda_graph:A4ABEB6D	Working Group	RDA/WDS Scholarly Link Exchange (Scholix) WG
rda_graph:2B166966	Feri, Lorenzo	Co-Chair	rda_graph:A4ABEB6D	Working Group	RDA/WDS Scholarly Link Exchange (Scholix) WG
rda_graph:C9CD63CA	Manghi, Paolo	Co-Chair	rda_graph:A4ABEB6D	Working Group	RDA/WDS Scholarly Link Exchange (Scholix) WG
rda_graph:14B20851	Lammey, Rachael	Co-Chair	rda_graph:A4ABEB6D	Working Group	RDA/WDS Scholarly Link Exchange (Scholix) WG
rda_graph:A145C597	Lin, Dawei	Co-Chair	rda_graph:97C10106	Working Group	RDA/WDS TRUST Principles Outreach and Adoption Working Group
rda_graph:7AE82EC8	Goins, Meredith	Co-Chair	rda_graph:97C10106	Working Group	RDA/WDS TRUST Principles Outreach and Adoption Working Group
rda_graph:F5EF5D20	Lindlar, Micky	Co-Chair	rda_graph:97C10106	Working Group	RDA/WDS TRUST Principles Outreach and Adoption Working Group
rda_graph:18C26CDD	Witt, Michael	Co-Chair	rda_graph:00053176	Working Group	Repository Core Description WG
rda_graph:64F0B645	Reetz, Johannes	Co-Chair	rda_graph:00053176	Working Group	Repository Core Description WG
rda_graph:C13A53D5	Stehouwer, Herman	Co-Chair	rda_graph:00053176	Working Group	Repository Core Description WG
rda_graph:2D9A8534	Wittenburg, Peter	Co-Chair	rda_graph:00053176	Working Group	Repository Core Description WG
rda_graph:0C8520C8	Beyan, Oya	Co-Chair	rda_graph:E2087F01	Working Group	Reproducible Health Data Services WG
rda_graph:5DEE3505	Almas, Bridget	Co-Chair	rda_graph:00048839	Working Group	Research Data Collections WG
rda_graph:9A6A5666	Baumgardt, Frederik	Co-Chair	rda_graph:00048839	Working Group	Research Data Collections WG
rda_graph:07CAF096	Weigel, Tobias	Co-Chair	rda_graph:00048839	Working Group	Research Data Collections WG
rda_graph:818C241B	Zastrow, Thomas	Co-Chair	rda_graph:00048839	Working Group	Research Data Collections WG
rda_graph:AFCF078C	Jejkal, Thomas	Co-Chair	rda_graph:00050279	Working Group	Research Data Repository Interoperability WG
rda_graph:9918BEEB	Wilcox, David	Co-Chair	rda_graph:00050279	Working Group	Research Data Repository Interoperability WG
rda_graph:D808B46E	Shepherd, Adam	Co-Chair	rda_graph:CA105667	Working Group	Research Metadata Schemas WG
rda_graph:2E1670FB	Castro, Leyla Jael	Co-Chair	rda_graph:CA105667	Working Group	Research Metadata Schemas WG
rda_graph:56864CDD	Wu, Mingfang	Co-Chair	rda_graph:CA105667	Working Group	Research Metadata Schemas WG
rda_graph:3C55229E	Wimalaratne, Sarala	Co-Chair	rda_graph:CA105667	Working Group	Research Metadata Schemas WG
rda_graph:8209F352	SHAIK, N MEERA	Co-Chair	rda_graph:00051514	Working Group	Rice Data Interoperability WG
rda_graph:4BE9BCC0	Mauleon, Ramil	Co-Chair	rda_graph:00051514	Working Group	Rice Data Interoperability WG
rda_graph:18430320	LARMANDE, Pierre	Co-Chair	rda_graph:00051514	Working Group	Rice Data Interoperability WG
rda_graph:A1887FEE	Mannocci, Andrea	Co-Chair	rda_graph:F78A9F9F	Working Group	Scientific Knowledge Graphs - Interoperability Framework (SKG-IF) WG
rda_graph:55939154	Portenoy, Jason	Co-Chair	rda_graph:F78A9F9F	Working Group	Scientific Knowledge Graphs - Interoperability Framework (SKG-IF) WG
rda_graph:B5A1ED04	Vahdati, Sahar	Co-Chair	rda_graph:F78A9F9F	Working Group	Scientific Knowledge Graphs - Interoperability Framework (SKG-IF) WG
rda_graph:7CC434A2	Peroni, Silvio	Co-Chair	rda_graph:F78A9F9F	Working Group	Scientific Knowledge Graphs - Interoperability Framework (SKG-IF) WG
rda_graph:A63641CF	Barwick, Linda	Co-Chair	rda_graph:00000291	Working Group	Standardisation of Data Categories and Codes WG
rda_graph:3DFB4107	Musgrave, Simon	Co-Chair	rda_graph:00000291	Working Group	Standardisation of Data Categories and Codes WG
rda_graph:A71EA6EC	Borg, Mikael	Co-Chair	rda_graph:00050454	Working Group	Storage Service Definitions WG
rda_graph:DFE0C16E	Millar, Paul	Co-Chair	rda_graph:00050454	Working Group	Storage Service Definitions WG
rda_graph:16126072	Car, Nicholas	Co-Chair	rda_graph:00050454	Working Group	Storage Service Definitions WG
rda_graph:B3086D6F	van den Boom, Freyja	Co-Chair	rda_graph:00054046	Working Group	Teaching TDM on Education and Skill Development WG
rda_graph:64E0940A	Jones, Sarah	Co-Chair	rda_graph:00054046	Working Group	Teaching TDM on Education and Skill Development WG
rda_graph:37660F59	Donaldson, Devan Ray	Co-Chair	rda_graph:00054046	Working Group	Teaching TDM on Education and Skill Development WG
rda_graph:AB502170	Diepenbroek, Michael	Co-Chair	rda_graph:00054458	Working Group	WDS/RDA Assessment of Data Fitness for Use WG
rda_graph:1412B00E	Austin, Claire	Co-Chair	rda_graph:00054458	Working Group	WDS/RDA Assessment of Data Fitness for Use WG
rda_graph:FB31393F	Petters, Jonathan	Co-Chair	rda_graph:00054458	Working Group	WDS/RDA Assessment of Data Fitness for Use WG
rda_graph:3E79668C	Soares e Silva, Marina	Co-Chair	rda_graph:00054458	Working Group	WDS/RDA Assessment of Data Fitness for Use WG
rda_graph:DAAD6CAD	DZALE YEUMO, Esther	Co-Chair	rda_graph:4E8258F6	Working Group	Wheat Data Interoperability WG
rda_graph:21938D3B	Fulss, Richard	Co-Chair	rda_graph:4E8258F6	Working Group	Wheat Data Interoperability WG
rda_graph:E8049D86	Shrestha, Rosemary	Co-Chair	rda_graph:4E8258F6	Working Group	Wheat Data Interoperability WG
rda_graph:B3086D6F	van den Boom, Freyja	Co-Chair	rda_graph:36B6468E	Working Group	Working Group on Ethical and Legal best practices for Drone Data in a global research context (WELDD)
rda_graph:5F794BD3	Wyngaard, Jane	Co-Chair	rda_graph:36B6468E	Working Group	Working Group on Ethical and Legal best practices for Drone Data in a global research context (WELDD)
rda_graph:5325FA0A	Giaretta, David	Co-Chair	rda_graph:8485631B	Interest Group	Active Data Management Plans IG
rda_graph:692DF885	Ashley, Kevin	Co-Chair	rda_graph:8485631B	Interest Group	Active Data Management Plans IG
rda_graph:2EFD2162	Miksa, Tomasz	Co-Chair	rda_graph:8485631B	Interest Group	Active Data Management Plans IG
rda_graph:F478226B	Papadopoulou, Elli	Co-Chair	rda_graph:8485631B	Interest Group	Active Data Management Plans IG
rda_graph:F01B9133	Praetzellis, Maria	Co-Chair	rda_graph:8485631B	Interest Group	Active Data Management Plans IG
rda_graph:08ADAF89	Taylor-Grant, Rebecca	Co-Chair	rda_graph:5C74BAF4	Interest Group	Archives and Records Professionals for Research Data IG
rda_graph:CD18E2AD	Molloy, Laura	Co-Chair	rda_graph:5C74BAF4	Interest Group	Archives and Records Professionals for Research Data IG
rda_graph:89F72E40	Ramdeen, Sarah	Co-Chair	rda_graph:5C74BAF4	Interest Group	Archives and Records Professionals for Research Data IG
rda_graph:16715275	Rhee, Hea Lim	Co-Chair	rda_graph:5C74BAF4	Interest Group	Archives and Records Professionals for Research Data IG
rda_graph:3A457314	Doran, Kwinn	Co-Chair	rda_graph:00046240	Interest Group	Archiving multimedia interactive /dynamic data and projects
rda_graph:4443CE73	Addink, Wouter	Co-Chair	rda_graph:FD931A77	Interest Group	Biodiversity Data Integration IG
rda_graph:A96C5FE2	Holewa, Hamish	Co-Chair	rda_graph:FD931A77	Interest Group	Biodiversity Data Integration IG
rda_graph:103531F1	Gutam, Sridhar	Co-Chair	rda_graph:FD931A77	Interest Group	Biodiversity Data Integration IG
rda_graph:7DE59E57	Ellwood, Libby	Co-Chair	rda_graph:FD931A77	Interest Group	Biodiversity Data Integration IG
rda_graph:B1AD39CF	McEwen, Leah	Co-Chair	rda_graph:00049977	Interest Group	Chemistry Research Data IG
rda_graph:E0862EE4	Chalk, Stuart	Co-Chair	rda_graph:00049977	Interest Group	Chemistry Research Data IG
rda_graph:59952B30	Bruno, Ian	Co-Chair	rda_graph:00049977	Interest Group	Chemistry Research Data IG
rda_graph:9A6DBCF6	Shanahan, Hugh	Co-Chair	rda_graph:00057521	Interest Group	CODATA/RDA Research Data Science Schools for Low and Middle Income Countries
rda_graph:7D034CD1	Peterson, Bianca	Co-Chair	rda_graph:00057521	Interest Group	CODATA/RDA Research Data Science Schools for Low and Middle Income Countries
rda_graph:826F01D7	Cóbe, Raphael	Co-Chair	rda_graph:00057521	Interest Group	CODATA/RDA Research Data Science Schools for Low and Middle Income Countries
rda_graph:58653FBB	El jadid, Sara	Co-Chair	rda_graph:00057521	Interest Group	CODATA/RDA Research Data Science Schools for Low and Middle Income Countries
rda_graph:5681C6B7	Bezuidenhout, Louise	Co-Chair	rda_graph:00057521	Interest Group	CODATA/RDA Research Data Science Schools for Low and Middle Income Countries
rda_graph:3D0D77EB	Lyon, Liz	Co-Chair	rda_graph:00000155	Interest Group	Community Capability Model IG
rda_graph:416108D4	Takeda, Kenji	Co-Chair	rda_graph:00000155	Interest Group	Community Capability Model IG
rda_graph:1F94D206	Patel, Manjula	Co-Chair	rda_graph:00000155	Interest Group	Community Capability Model IG
rda_graph:0F96FB19	Hills, Denise	Co-Chair	rda_graph:00064476	Interest Group	Data Conservation IG
rda_graph:3BF93FFD	Diggs, Stephen	Co-Chair	rda_graph:00064476	Interest Group	Data Conservation IG
rda_graph:56864CDD	Wu, Mingfang	Co-Chair	rda_graph:00052248	Interest Group	Data Discovery Paradigms IG
rda_graph:DA241402	Psomopoulos, Fotis	Co-Chair	rda_graph:00052248	Interest Group	Data Discovery Paradigms IG
rda_graph:3A1DEF8A	Gregory, Kathleen	Co-Chair	rda_graph:00052248	Interest Group	Data Discovery Paradigms IG
rda_graph:FDDC9827	Mathiak, Brigitte	Co-Chair	rda_graph:00052248	Interest Group	Data Discovery Paradigms IG
rda_graph:382B9D07	Demchenko, Yuri	Co-Chair	rda_graph:00061534	Interest Group	Data Economics IG
rda_graph:830FCDEE	Greenberg, Jane	Co-Chair	rda_graph:00061534	Interest Group	Data Economics IG
rda_graph:3E9691E1	Ødegaard, Ingvill Constanze	Co-Chair	rda_graph:922D9D64	Interest Group	Data for Development IG
rda_graph:A4458E77	Mukasa, Norman	Co-Chair	rda_graph:922D9D64	Interest Group	Data for Development IG
rda_graph:01E658AD	Sentamu, Robert	Co-Chair	rda_graph:922D9D64	Interest Group	Data for Development IG
rda_graph:B2514ABB	Tunga, Mahadia	Co-Chair	rda_graph:922D9D64	Interest Group	Data for Development IG
rda_graph:282B248A	Manday, Agapiti	Co-Chair	rda_graph:922D9D64	Interest Group	Data for Development IG
rda_graph:3C5712D8	Hrynaszkiewicz, Iain	Co-Chair	rda_graph:00053666	Interest Group	Data policy standardisation and implementation IG
rda_graph:2F1C5E79	Simons, Natasha	Co-Chair	rda_graph:00053666	Interest Group	Data policy standardisation and implementation IG
rda_graph:1A5A3BFD	McKellar, Kate	Co-Chair	rda_graph:00053666	Interest Group	Data policy standardisation and implementation IG
rda_graph:08ADAF89	Taylor-Grant, Rebecca	Co-Chair	rda_graph:00053666	Interest Group	Data policy standardisation and implementation IG
rda_graph:2798B1AD	Meyer, Dagmar	Co-Chair	rda_graph:00053666	Interest Group	Data policy standardisation and implementation IG
rda_graph:BDE52587	Hologne, Odile	Co-Chair	rda_graph:00044507	Interest Group	Data re-use, share your experiences
rda_graph:3BF93FFD	Diggs, Stephen	Co-Chair	rda_graph:00047603	Interest Group	Data Rescue IG
rda_graph:1B2138ED	Gallaher, David	Co-Chair	rda_graph:00047603	Interest Group	Data Rescue IG
rda_graph:E8AEB9F2	Wyborn, Lesley	Co-Chair	rda_graph:00047603	Interest Group	Data Rescue IG
rda_graph:0F96FB19	Hills, Denise	Co-Chair	rda_graph:00047603	Interest Group	Data Rescue IG
rda_graph:ECCCECF0	Klump, Jens	Co-Chair	rda_graph:00054345	Interest Group	Data Versioning IG
rda_graph:E8AEB9F2	Wyborn, Lesley	Co-Chair	rda_graph:00054345	Interest Group	Data Versioning IG
rda_graph:56864CDD	Wu, Mingfang	Co-Chair	rda_graph:00054345	Interest Group	Data Versioning IG
rda_graph:A782ED25	Elger, Kirsten	Co-Chair	rda_graph:00054345	Interest Group	Data Versioning IG
rda_graph:8B743C0B	Fortun, Kim	Co-Chair	rda_graph:E86C9600	Interest Group	Digital Practices in History and Ethnography IG
rda_graph:1040E0F2	Fortun, Mike	Co-Chair	rda_graph:E86C9600	Interest Group	Digital Practices in History and Ethnography IG
rda_graph:C10C2D5B	Poirier, Lindsay	Co-Chair	rda_graph:E86C9600	Interest Group	Digital Practices in History and Ethnography IG
rda_graph:2BD47CBF	Koureas, Dimitris	Co-Chair	rda_graph:00056566	Interest Group	Disciplinary Collaboration Framework IG
rda_graph:4BBA73CF	Schade, David	Co-Chair	rda_graph:00056566	Interest Group	Disciplinary Collaboration Framework IG
rda_graph:6BD44CFC	Lehnert, Kerstin	Co-Chair	rda_graph:DC190947	Interest Group	Domain Repositories IG
rda_graph:9EE09542	Doorn, Peter	Co-Chair	rda_graph:DC190947	Interest Group	Domain Repositories IG
rda_graph:37660F59	Donaldson, Devan Ray	Co-Chair	rda_graph:2B48EB74	Interest Group	Early Career and Engagement IG
rda_graph:DA241402	Psomopoulos, Fotis	Co-Chair	rda_graph:2B48EB74	Interest Group	Early Career and Engagement IG
rda_graph:F478226B	Papadopoulou, Elli	Co-Chair	rda_graph:2B48EB74	Interest Group	Early Career and Engagement IG
rda_graph:5AEE8FA9	Tsagiopoulou, Maria	Co-Chair	rda_graph:2B48EB74	Interest Group	Early Career and Engagement IG
rda_graph:CD18E2AD	Molloy, Laura	Co-Chair	rda_graph:6A1A68A6	Interest Group	Education and Training on Handling of Research Data IG
rda_graph:BD88A14F	Biernacka, Katarzyna	Co-Chair	rda_graph:6A1A68A6	Interest Group	Education and Training on Handling of Research Data IG
rda_graph:35D8E2C9	Nurnberger, Amy	Co-Chair	rda_graph:6A1A68A6	Interest Group	Education and Training on Handling of Research Data IG
rda_graph:361E1F72	Wilbrandt, Jeanne	Co-Chair	rda_graph:6A1A68A6	Interest Group	Education and Training on Handling of Research Data IG
rda_graph:EB5997DC	Szuflita-Żurawska, Magdalena	Co-Chair	rda_graph:6A1A68A6	Interest Group	Education and Training on Handling of Research Data IG
rda_graph:EFC9CF6E	Ganguly, Raman	Co-Chair	rda_graph:00066746	Interest Group	Engaging Researchers with Data IG
rda_graph:F478226B	Papadopoulou, Elli	Co-Chair	rda_graph:00066746	Interest Group	Engaging Researchers with Data IG
rda_graph:4F12703D	Savage, James	Co-Chair	rda_graph:00066746	Interest Group	Engaging Researchers with Data IG
rda_graph:06D80C4F	Medina-Smith, Andrea	Co-Chair	rda_graph:00066746	Interest Group	Engaging Researchers with Data IG
rda_graph:9127B623	Wham, Briana	Co-Chair	rda_graph:00066746	Interest Group	Engaging Researchers with Data IG
rda_graph:6EA6BBCA	Yeomans, Joanne	Co-Chair	rda_graph:00066746	Interest Group	Engaging Researchers with Data IG
rda_graph:4DCC215E	Sheridan, Shannon	Co-Chair	rda_graph:00066746	Interest Group	Engaging Researchers with Data IG
rda_graph:CE65EDFA	Clare, Connie	Co-Chair	rda_graph:00066746	Interest Group	Engaging Researchers with Data IG
rda_graph:0569833B	Gergely, Eva D.	Co-Chair	rda_graph:00066746	Interest Group	Engaging Researchers with Data IG
rda_graph:FFE5B2F9	Glaves, Helen	Co-Chair	rda_graph:00058357	Interest Group	ESIP/RDA Earth, Space, and Environmental Sciences IG
rda_graph:D2020FD5	Kinkade, Danie	Co-Chair	rda_graph:00058357	Interest Group	ESIP/RDA Earth, Space, and Environmental Sciences IG
rda_graph:E1C9264E	Stall, Shelley	Co-Chair	rda_graph:00058357	Interest Group	ESIP/RDA Earth, Space, and Environmental Sciences IG
rda_graph:042F966C	Corrêa, Pedro	Co-Chair	rda_graph:00058357	Interest Group	ESIP/RDA Earth, Space, and Environmental Sciences IG
rda_graph:E8AEB9F2	Wyborn, Lesley	Co-Chair	rda_graph:00058357	Interest Group	ESIP/RDA Earth, Space, and Environmental Sciences IG
rda_graph:0C8520C8	Beyan, Oya	Co-Chair	rda_graph:77DBE0D8	Interest Group	Ethics and Social Aspects of Data IG
rda_graph:526DD8C4	Mietchen, Daniel	Co-Chair	rda_graph:77DBE0D8	Interest Group	Ethics and Social Aspects of Data IG
rda_graph:313D8BB1	Genova, Francoise	Co-Chair	rda_graph:D9AFA369	Interest Group	Evaluation of Research IG
rda_graph:00529007	Madalli, Devika	Co-Chair	rda_graph:D9AFA369	Interest Group	Evaluation of Research IG
rda_graph:35D8E2C9	Nurnberger, Amy	Co-Chair	rda_graph:D9AFA369	Interest Group	Evaluation of Research IG
rda_graph:57C02F8E	Crott, Emma	Co-Chair	rda_graph:D9AFA369	Interest Group	Evaluation of Research IG
rda_graph:A0E3AE6C	Chen, Xin	Co-Chair	rda_graph:365CAED9	Interest Group	FAIR Digital Object Fabric IG
rda_graph:7AB401E2	Stotzka, Rainer	Co-Chair	rda_graph:365CAED9	Interest Group	FAIR Digital Object Fabric IG
rda_graph:0CA07258	Quick, Robert	Co-Chair	rda_graph:365CAED9	Interest Group	FAIR Digital Object Fabric IG
rda_graph:127D1441	Hellström, Maggie	Co-Chair	rda_graph:365CAED9	Interest Group	FAIR Digital Object Fabric IG
rda_graph:DA241402	Psomopoulos, Fotis	Co-Chair	rda_graph:00076085	Interest Group	FAIR for Machine Learning (FAIR4ML) IG
rda_graph:433322A1	Katz, Daniel S.	Co-Chair	rda_graph:00076085	Interest Group	FAIR for Machine Learning (FAIR4ML) IG
rda_graph:957AA2AC	Garijo, Daniel	Co-Chair	rda_graph:00076085	Interest Group	FAIR for Machine Learning (FAIR4ML) IG
rda_graph:0C699D71	Serrano-Solano, Beatriz	Co-Chair	rda_graph:00076085	Interest Group	FAIR for Machine Learning (FAIR4ML) IG
rda_graph:2E1670FB	Castro, Leyla Jael	Co-Chair	rda_graph:00076085	Interest Group	FAIR for Machine Learning (FAIR4ML) IG
rda_graph:12376473	Fouilloux, Anne	Co-Chair	rda_graph:00076085	Interest Group	FAIR for Machine Learning (FAIR4ML) IG
rda_graph:22AD8E3E	Sharma, Curtis	Co-Chair	rda_graph:00076085	Interest Group	FAIR for Machine Learning (FAIR4ML) IG
rda_graph:65A8FF2C	Bharathy, Gnana	Co-Chair	rda_graph:00076085	Interest Group	FAIR for Machine Learning (FAIR4ML) IG
rda_graph:DB618077	Pouchard, Line	Co-Chair	rda_graph:00076085	Interest Group	FAIR for Machine Learning (FAIR4ML) IG
rda_graph:E1C9264E	Stall, Shelley	Co-Chair	rda_graph:EE9A0F0F	Interest Group	FAIR Instrument Data IG
rda_graph:3F739BBB	Miljković, Nadica	Co-Chair	rda_graph:00074820	Interest Group	FAIR Principles for Research Hardware
rda_graph:9B73680C	Colomb, Julien	Co-Chair	rda_graph:00074820	Interest Group	FAIR Principles for Research Hardware
rda_graph:98C9E317	Zwölf, Carlo Maria	Co-Chair	rda_graph:00058100	Interest Group	Federated Identity Management IG
rda_graph:0E31DE46	Short, Hannah	Co-Chair	rda_graph:00058100	Interest Group	Federated Identity Management IG
rda_graph:DCC3602C	Stocker, Markus	Co-Chair	rda_graph:00056636	Interest Group	From Observational Data to Information IG
rda_graph:3B2AAF54	Nativi, Stefano	Co-Chair	rda_graph:00056636	Interest Group	From Observational Data to Information IG
rda_graph:C500BBA3	Pearlman, Jay	Co-Chair	rda_graph:00056636	Interest Group	From Observational Data to Information IG
rda_graph:83007A80	Asmi, Ari	Co-Chair	rda_graph:00056636	Interest Group	From Observational Data to Information IG
rda_graph:E4997E28	Addison, Aaron	Co-Chair	rda_graph:56E77ED5	Interest Group	Geospatial IG
rda_graph:7FDB1F02	Baumann, Peter	Co-Chair	rda_graph:56E77ED5	Interest Group	Geospatial IG
rda_graph:8F32948E	Treloar, Andrew	Co-Chair	rda_graph:00064798	Interest Group	Global Open Research Commons IG
rda_graph:64E0940A	Jones, Sarah	Co-Chair	rda_graph:00064798	Interest Group	Global Open Research Commons IG
rda_graph:00529007	Madalli, Devika	Co-Chair	rda_graph:00064798	Interest Group	Global Open Research Commons IG
rda_graph:3F016303	Leggott, Mark	Co-Chair	rda_graph:00064798	Interest Group	Global Open Research Commons IG
rda_graph:6EFC1C57	Lopez Albacete, Javier	Co-Chair	rda_graph:00064798	Interest Group	Global Open Research Commons IG
rda_graph:95A553BB	Zaslavsky, Ilya	Co-Chair	rda_graph:00050642	Interest Group	Global Water Information IG
rda_graph:18EC7A51	Grellet, Sylvain	Co-Chair	rda_graph:00050642	Interest Group	Global Water Information IG
rda_graph:329296A4	Boston, Tony	Co-Chair	rda_graph:00050642	Interest Group	Global Water Information IG
rda_graph:63D8E198	Fry, Matthew	Co-Chair	rda_graph:00050642	Interest Group	Global Water Information IG
rda_graph:A2A05C26	Bonino da Silva Santos, Luiz Olavo	Co-Chair	rda_graph:00061552	Interest Group	GO FAIR Liaison IG
rda_graph:84D7FCF8	Schultes, Erik	Co-Chair	rda_graph:00061552	Interest Group	GO FAIR Liaison IG
rda_graph:8F116AC7	Chang, Anthony	Co-Chair	rda_graph:00050708	Interest Group	Health Data Interest Group
rda_graph:E2BA74F1	Morley-Fletcher, Edwin	Co-Chair	rda_graph:00050708	Interest Group	Health Data Interest Group
rda_graph:BF7C9B30	Ioannidis, Yannis	Co-Chair	rda_graph:00050708	Interest Group	Health Data Interest Group
rda_graph:9154BC23	McIntosh-Borrelli, Leslie	Co-Chair	rda_graph:00050708	Interest Group	Health Data Interest Group
rda_graph:44361EBF	Meijer, Ingeborg	Co-Chair	rda_graph:00058721	Interest Group	IG for Surveying Open Data Practices
rda_graph:C25C41D1	Rosetta, Federica	Co-Chair	rda_graph:00058721	Interest Group	IG for Surveying Open Data Practices
rda_graph:7B5A4851	Hayashi, Kazuhiro	Co-Chair	rda_graph:00058721	Interest Group	IG for Surveying Open Data Practices
rda_graph:DC46AFA9	O'Brien, David	Co-Chair	rda_graph:00058721	Interest Group	IG for Surveying Open Data Practices
rda_graph:CAEDA42B	Carroll, Stephanie Russo	Co-Chair	rda_graph:00055599	Interest Group	International Indigenous Data Sovereignty IG
rda_graph:6A530144	Hudson, Maui	Co-Chair	rda_graph:00055599	Interest Group	International Indigenous Data Sovereignty IG
rda_graph:B3C14F75	Walter, Maggie	Co-Chair	rda_graph:00055599	Interest Group	International Indigenous Data Sovereignty IG
rda_graph:CECFDAE9	Axelsson, Per	Co-Chair	rda_graph:00055599	Interest Group	International Indigenous Data Sovereignty IG
rda_graph:9AF2B088	Schmidt, Birgit	Co-Chair	rda_graph:DE7DDA2D	Interest Group	Libraries for Research Data IG
rda_graph:11329E11	Erdmann, Christopher	Co-Chair	rda_graph:DE7DDA2D	Interest Group	Libraries for Research Data IG
rda_graph:60B2B1B3	Goh, Su Nee	Co-Chair	rda_graph:DE7DDA2D	Interest Group	Libraries for Research Data IG
rda_graph:2CD6209E	Kumar, Naresh	Co-Chair	rda_graph:DE7DDA2D	Interest Group	Libraries for Research Data IG
rda_graph:C6B101ED	Dennis, Tim	Co-Chair	rda_graph:DE7DDA2D	Interest Group	Libraries for Research Data IG
rda_graph:03891718	Gu, Jennifer	Co-Chair	rda_graph:DE7DDA2D	Interest Group	Libraries for Research Data IG
rda_graph:402D776E	Nykyri, Susanna	Co-Chair	rda_graph:DE7DDA2D	Interest Group	Libraries for Research Data IG
rda_graph:33221FDF	Christiansen, Jeff	Co-Chair	rda_graph:6171CD0D	Interest Group	Life Science Data Infrastructures IG
rda_graph:48084CDB	Mulder, Nicola	Co-Chair	rda_graph:6171CD0D	Interest Group	Life Science Data Infrastructures IG
rda_graph:FE46A511	Gregurick, Susan	Co-Chair	rda_graph:6171CD0D	Interest Group	Life Science Data Infrastructures IG
rda_graph:6361AEB8	Nyberg Åkerström, Wolmar	Co-Chair	rda_graph:6171CD0D	Interest Group	Life Science Data Infrastructures IG
rda_graph:6DF1CC70	Wood-Charlson, Elisha	Co-Chair	rda_graph:6171CD0D	Interest Group	Life Science Data Infrastructures IG
rda_graph:CD7AFFF3	Berez-Kroeker, Andrea	Co-Chair	rda_graph:00055091	Interest Group	Linguistics Data IG
rda_graph:2653FAE4	Andreassen, Helene N.	Co-Chair	rda_graph:00055091	Interest Group	Linguistics Data IG
rda_graph:E59BB0B6	Ferrara, Lindsay	Co-Chair	rda_graph:00055091	Interest Group	Linguistics Data IG
rda_graph:148961F3	Shearer, Kathleen	Co-Chair	rda_graph:B9E72F18	Interest Group	Long tail of research data IG
rda_graph:E8AEB9F2	Wyborn, Lesley	Co-Chair	rda_graph:00054284	Interest Group	Mapping the Landscape IG
rda_graph:83007A80	Asmi, Ari	Co-Chair	rda_graph:00054284	Interest Group	Mapping the Landscape IG
rda_graph:AD3500B6	Davis, Rowena	Co-Chair	rda_graph:00054284	Interest Group	Mapping the Landscape IG
rda_graph:94DA4CC0	Jeffery, Keith	Co-Chair	rda_graph:E33AA193	Interest Group	Metadata IG
rda_graph:7BB99B98	Koskela, Rebecca	Co-Chair	rda_graph:E33AA193	Interest Group	Metadata IG
rda_graph:68C9C1F7	Ball, Alex	Co-Chair	rda_graph:E33AA193	Interest Group	Metadata IG
rda_graph:3209A78C	Burton, Adrian	Co-Chair	rda_graph:00047656	Interest Group	National Data Services IG
rda_graph:3F016303	Leggott, Mark	Co-Chair	rda_graph:00047656	Interest Group	National Data Services IG
rda_graph:167ABF8D	Kirkpatrick, Christine	Co-Chair	rda_graph:00047656	Interest Group	National Data Services IG
rda_graph:3C55229E	Wimalaratne, Sarala	Co-Chair	rda_graph:00063572	Interest Group	Open Science Graphs for FAIR Data IG
rda_graph:8D10260D	Aryani, Amir	Co-Chair	rda_graph:00063572	Interest Group	Open Science Graphs for FAIR Data IG
rda_graph:C9CD63CA	Manghi, Paolo	Co-Chair	rda_graph:00063572	Interest Group	Open Science Graphs for FAIR Data IG
rda_graph:A1887FEE	Mannocci, Andrea	Co-Chair	rda_graph:00063572	Interest Group	Open Science Graphs for FAIR Data IG
rda_graph:6BD44CFC	Lehnert, Kerstin	Co-Chair	rda_graph:00056746	Interest Group	Physical Samples and Collections in the Research Data Ecosystem IG
rda_graph:ECCCECF0	Klump, Jens	Co-Chair	rda_graph:00056746	Interest Group	Physical Samples and Collections in the Research Data Ecosystem IG
rda_graph:14563CCC	Plomp, Esther	Co-Chair	rda_graph:00056746	Interest Group	Physical Samples and Collections in the Research Data Ecosystem IG
rda_graph:E8AEB9F2	Wyborn, Lesley	Co-Chair	rda_graph:00056746	Interest Group	Physical Samples and Collections in the Research Data Ecosystem IG
rda_graph:108831A4	Clark, Jonathan	Co-Chair	rda_graph:D46F1575	Interest Group	PID IG
rda_graph:91C9A18D	Haak, Laurel	Co-Chair	rda_graph:D46F1575	Interest Group	PID IG
rda_graph:3209A78C	Burton, Adrian	Co-Chair	rda_graph:D46F1575	Interest Group	PID IG
rda_graph:2C092320	Duerr, Ruth	Co-Chair	rda_graph:00054902	Interest Group	Preservation Tools, Techniques, and Policies
rda_graph:E9F1708D	Hildreth, Michael	Co-Chair	rda_graph:00054902	Interest Group	Preservation Tools, Techniques, and Policies
rda_graph:E34D5690	Cornwell, Peter	Co-Chair	rda_graph:00054902	Interest Group	Preservation Tools, Techniques, and Policies
rda_graph:24F104D8	Jetten, Mijke	Co-Chair	rda_graph:00068877	Interest Group	Professionalising Data Stewardship IG
rda_graph:0813423A	DAVID, Romain	Co-Chair	rda_graph:00068877	Interest Group	Professionalising Data Stewardship IG
rda_graph:DE09E0D1	Zhou, Biru	Co-Chair	rda_graph:00068877	Interest Group	Professionalising Data Stewardship IG
rda_graph:681EFBF3	Wang, Yan	Co-Chair	rda_graph:00068877	Interest Group	Professionalising Data Stewardship IG
rda_graph:E1C23554	Grange, Jim	Co-Chair	rda_graph:CCE7DAE9	Interest Group	Psychological Data IG
rda_graph:540EA78B	Pettit, Chris	Co-Chair	rda_graph:BC322F0C	Interest Group	Quality of Urban Life IG
rda_graph:B8876F90	Craglia, Max	Co-Chair	rda_graph:BC322F0C	Interest Group	Quality of Urban Life IG
rda_graph:04E54DA1	Thakuriah, Piyushimita (Vonu)	Co-Chair	rda_graph:BC322F0C	Interest Group	Quality of Urban Life IG
rda_graph:E61DD731	Fox, Mark	Co-Chair	rda_graph:BC322F0C	Interest Group	Quality of Urban Life IG
rda_graph:98A489BE	Barbieri, Lindsay	Co-Chair	rda_graph:00066028	Interest Group	RDA for the Sustainable Development Goals IG
rda_graph:3E9691E1	Ødegaard, Ingvill Constanze	Co-Chair	rda_graph:00066028	Interest Group	RDA for the Sustainable Development Goals IG
rda_graph:7840099D	Juehne, Anthony	Co-Chair	rda_graph:00066028	Interest Group	RDA for the Sustainable Development Goals IG
rda_graph:00529007	Madalli, Devika	Co-Chair	rda_graph:00066028	Interest Group	RDA for the Sustainable Development Goals IG
rda_graph:9C564A91	Geiger, Joerg	Co-Chair	rda_graph:00050796	Interest Group	RDA Privacy Implications of Research Data Sets IG
rda_graph:B3086D6F	van den Boom, Freyja	Co-Chair	rda_graph:00050796	Interest Group	RDA Privacy Implications of Research Data Sets IG
rda_graph:51ECD71C	Chen, Robert	Co-Chair	rda_graph:7098A359	Interest Group	RDA/CODATA Legal Interoperability IG
rda_graph:79B2D01F	Bruch, Christoph	Co-Chair	rda_graph:7098A359	Interest Group	RDA/CODATA Legal Interoperability IG
rda_graph:15370975	Hodson, Simon	Co-Chair	rda_graph:7098A359	Interest Group	RDA/CODATA Legal Interoperability IG
rda_graph:6B36E68F	Clement, Gail	Co-Chair	rda_graph:7098A359	Interest Group	RDA/CODATA Legal Interoperability IG
rda_graph:D55CE8DA	Warren, James	Co-Chair	rda_graph:F9AE2231	Interest Group	RDA/CODATA Materials Data, Infrastructure & Interoperability IG
rda_graph:44E3D26A	Bartolo, Laura	Co-Chair	rda_graph:F9AE2231	Interest Group	RDA/CODATA Materials Data, Infrastructure & Interoperability IG
rda_graph:DD821F79	Kadohira, Takuya	Co-Chair	rda_graph:F9AE2231	Interest Group	RDA/CODATA Materials Data, Infrastructure & Interoperability IG
rda_graph:BA5BE6F4	Garmulewicz, Alysia	Co-Chair	rda_graph:F9AE2231	Interest Group	RDA/CODATA Materials Data, Infrastructure & Interoperability IG
rda_graph:DC617F39	Evans, Matthew	Co-Chair	rda_graph:F9AE2231	Interest Group	RDA/CODATA Materials Data, Infrastructure & Interoperability IG
rda_graph:7AE82EC8	Goins, Meredith	Co-Chair	rda_graph:E670622F	Interest Group	RDA/WDS Certification of Digital Repositories IG
rda_graph:A145C597	Lin, Dawei	Co-Chair	rda_graph:E670622F	Interest Group	RDA/WDS Certification of Digital Repositories IG
rda_graph:F5EF5D20	Lindlar, Micky	Co-Chair	rda_graph:E670622F	Interest Group	RDA/WDS Certification of Digital Repositories IG
rda_graph:6363D726	Carpenter, Todd	Co-Chair	rda_graph:B8D3DA0D	Interest Group	RDA/WDS Publishing Data IG
rda_graph:AB502170	Diepenbroek, Michael	Co-Chair	rda_graph:B8D3DA0D	Interest Group	RDA/WDS Publishing Data IG
rda_graph:8E34EEAB	Smit, Eefke	Co-Chair	rda_graph:B8D3DA0D	Interest Group	RDA/WDS Publishing Data IG
rda_graph:423D0B23	Tedds, Jonathan	Co-Chair	rda_graph:B8D3DA0D	Interest Group	RDA/WDS Publishing Data IG
rda_graph:5F8CF695	Edmunds, Rorie	Co-Chair	rda_graph:B8D3DA0D	Interest Group	RDA/WDS Publishing Data IG
rda_graph:87BE42B8	Downs, Robert	Co-Chair	rda_graph:00046536	Interest Group	Repository Platforms for Research Data IG
rda_graph:15E8D5AE	Zhang, LILi	Co-Chair	rda_graph:00046536	Interest Group	Repository Platforms for Research Data IG
rda_graph:37660F59	Donaldson, Devan Ray	Co-Chair	rda_graph:00046536	Interest Group	Repository Platforms for Research Data IG
rda_graph:141FC75E	Peer, Limor	Co-Chair	rda_graph:00045120	Interest Group	Reproducibility IG
rda_graph:B98DBA2F	Cadwallader, Lauren	Co-Chair	rda_graph:00045120	Interest Group	Reproducibility IG
rda_graph:9A459AE5	Honeyman, Tom	Co-Chair	rda_graph:00045120	Interest Group	Reproducibility IG
rda_graph:2C82C247	Gooch, Mandy	Co-Chair	rda_graph:00045120	Interest Group	Reproducibility IG
rda_graph:F6095838	Wilson, James	Co-Chair	rda_graph:00058354	Interest Group	Research Data Architectures in Research Institutions IG
rda_graph:AA4D116A	Russell, Keith	Co-Chair	rda_graph:00058354	Interest Group	Research Data Architectures in Research Institutions IG
rda_graph:658EE17A	Macneil, Rory	Co-Chair	rda_graph:00058354	Interest Group	Research Data Architectures in Research Institutions IG
rda_graph:20738E71	Hausen, Daniela	Co-Chair	rda_graph:00061116	Interest Group	Research Data Management in Engineering IG
rda_graph:C7E18CDA	Greene, Gretchen	Co-Chair	rda_graph:00061116	Interest Group	Research Data Management in Engineering IG
rda_graph:17236298	Logan, Kevin	Co-Chair	rda_graph:00061116	Interest Group	Research Data Management in Engineering IG
rda_graph:9B375808	Boehnlein, Amber	Co-Chair	rda_graph:37AABB08	Interest Group	Research data needs of the Photon and Neutron Science community IG
rda_graph:8791C53A	Matthews, Brian	Co-Chair	rda_graph:37AABB08	Interest Group	Research data needs of the Photon and Neutron Science community IG
rda_graph:ED2D8656	Schluenzen, Frank	Co-Chair	rda_graph:37AABB08	Interest Group	Research data needs of the Photon and Neutron Science community IG
rda_graph:0AA88CCE	Proffen, Thomas	Co-Chair	rda_graph:37AABB08	Interest Group	Research data needs of the Photon and Neutron Science community IG
rda_graph:3123F44F	Paltoo, Dina	Co-Chair	rda_graph:00061537	Interest Group	Research Funders and Stakeholders on Open Research and Data Management Policies and Practices IG
rda_graph:D633411B	Geelen, Jeremy	Co-Chair	rda_graph:00061537	Interest Group	Research Funders and Stakeholders on Open Research and Data Management Policies and Practices IG
rda_graph:B69C227D	Ogasaka, Yasushi	Co-Chair	rda_graph:00061537	Interest Group	Research Funders and Stakeholders on Open Research and Data Management Policies and Practices IG
rda_graph:E02EFC56	Carr, David	Co-Chair	rda_graph:00061537	Interest Group	Research Funders and Stakeholders on Open Research and Data Management Policies and Practices IG
rda_graph:7DD4131C	Biro, Timea	Co-Chair	rda_graph:00068876	Interest Group	Science communication for research data
rda_graph:0E6DFBBD	Spreadborough, Kristal	Co-Chair	rda_graph:00072299	Interest Group	Sensitive Data Interest Group
rda_graph:8419AFFD	Michalewicz, Aleksandra	Co-Chair	rda_graph:00072299	Interest Group	Sensitive Data Interest Group
rda_graph:C84F27CD	Burton, Nichola	Co-Chair	rda_graph:00072299	Interest Group	Sensitive Data Interest Group
rda_graph:9A154462	McEachern, Steven	Co-Chair	rda_graph:00072299	Interest Group	Sensitive Data Interest Group
rda_graph:0813423A	DAVID, Romain	Co-Chair	rda_graph:00072299	Interest Group	Sensitive Data Interest Group
rda_graph:CA972892	Akmon, Dharma	Co-Chair	rda_graph:00072299	Interest Group	Sensitive Data Interest Group
rda_graph:4D798565	Kang, Kristan	Co-Chair	rda_graph:00072299	Interest Group	Sensitive Data Interest Group
rda_graph:17213944	Davidson, Sarah	Co-Chair	rda_graph:00072299	Interest Group	Sensitive Data Interest Group
rda_graph:6B69B221	Stevens, Frankie	Co-Chair	rda_graph:00072299	Interest Group	Sensitive Data Interest Group
rda_graph:3177AF8C	Mabile, Laurence	Co-Chair	rda_graph:00057240	Interest Group	Sharing Rewards and Credit (SHARC) IG
rda_graph:4F6F7831	Shmagun, Hanna	Co-Chair	rda_graph:00057240	Interest Group	Sharing Rewards and Credit (SHARC) IG
rda_graph:0BF0D988	Grattarola, Florencia	Co-Chair	rda_graph:00057240	Interest Group	Sharing Rewards and Credit (SHARC) IG
rda_graph:0813423A	DAVID, Romain	Co-Chair	rda_graph:00057240	Interest Group	Sharing Rewards and Credit (SHARC) IG
rda_graph:11329E11	Erdmann, Christopher	Co-Chair	rda_graph:00057240	Interest Group	Sharing Rewards and Credit (SHARC) IG
rda_graph:733D203C	Cambon-Thomsen, Anne	Co-Chair	rda_graph:00057240	Interest Group	Sharing Rewards and Credit (SHARC) IG
rda_graph:727FC908	Barker, Michelle	Co-Chair	rda_graph:00074541	Interest Group	Skills and training curriculums to support FAIR research software IG
rda_graph:9A6DBCF6	Shanahan, Hugh	Co-Chair	rda_graph:00074541	Interest Group	Skills and training curriculums to support FAIR research software IG
rda_graph:5F794BD3	Wyngaard, Jane	Co-Chair	rda_graph:9AE26198	Interest Group	Small Unmanned Aircraft Systems’ Data IG
rda_graph:98A489BE	Barbieri, Lindsay	Co-Chair	rda_graph:9AE26198	Interest Group	Small Unmanned Aircraft Systems’ Data IG
rda_graph:39984A9E	Mpoeleng, Dimane	Co-Chair	rda_graph:9AE26198	Interest Group	Small Unmanned Aircraft Systems’ Data IG
rda_graph:13D382D6	Dharmawardena, Kheeran	Co-Chair	rda_graph:00063042	Interest Group	Social Dynamics of Data Interoperability IG
rda_graph:0E6DFBBD	Spreadborough, Kristal	Co-Chair	rda_graph:00063042	Interest Group	Social Dynamics of Data Interoperability IG
rda_graph:E005E138	Dekker, Ron	Co-Chair	rda_graph:00061540	Interest Group	Social Science Research Data IG
rda_graph:BA8BC97C	Crabtree, Jonathan	Co-Chair	rda_graph:00061540	Interest Group	Social Science Research Data IG
rda_graph:9A154462	McEachern, Steven	Co-Chair	rda_graph:00061540	Interest Group	Social Science Research Data IG
rda_graph:5F73819B	Gruenpeter, Morane	Co-Chair	rda_graph:00056578	Interest Group	Software Source Code IG
rda_graph:2BE5B69E	Chue Hong, Neil	Co-Chair	rda_graph:00056578	Interest Group	Software Source Code IG
rda_graph:32293D18	Collins, Julia	Co-Chair	rda_graph:00056578	Interest Group	Software Source Code IG
rda_graph:9A459AE5	Honeyman, Tom	Co-Chair	rda_graph:00056578	Interest Group	Software Source Code IG
rda_graph:25FA48D3	Döbereiner, Hans-Günther	Co-Chair	rda_graph:00073937	Interest Group	Structure of Information
rda_graph:13D382D6	Dharmawardena, Kheeran	Co-Chair	rda_graph:00051565	Interest Group	Virtual Research Environment IG (VRE-IG)
rda_graph:2596BBCB	Rauber, Andreas	Co-Chair	rda_graph:00051565	Interest Group	Virtual Research Environment IG (VRE-IG)
rda_graph:60B24268	Zhao, Zhiming	Co-Chair	rda_graph:00051565	Interest Group	Virtual Research Environment IG (VRE-IG)
rda_graph:533671C7	Gesing, Sandra	Co-Chair	rda_graph:00051565	Interest Group	Virtual Research Environment IG (VRE-IG)
rda_graph:8CA0F021	Kokkinaki, Alexandra	Co-Chair	rda_graph:00047826	Interest Group	Vocabulary Services IG
rda_graph:F9DBDF5B	Le Franc, Yann	Co-Chair	rda_graph:00047826	Interest Group	Vocabulary Services IG
rda_graph:C996C98F	Graybeal, John	Co-Chair	rda_graph:00047826	Interest Group	Vocabulary Services IG
rda_graph:DB3478CA	Bretonnière, Pierre-Antoine	Co-Chair	rda_graph:00052861	Interest Group	Weather, climate and air quality IG
rda_graph:96C60A9E	Benincasa, Francesco	Co-Chair	rda_graph:00052861	Interest Group	Weather, climate and air quality IG
rda_graph:0A9FF5C8	Chen, Xiaoli	Co-Chair	rda_graph:00076528	Interest Group	Working with PIDs in Tools IG
rda_graph:658EE17A	Macneil, Rory	Co-Chair	rda_graph:00076528	Interest Group	Working with PIDs in Tools IG
rda_graph:ECCCECF0	Klump, Jens	Co-Chair	rda_graph:00076528	Interest Group	Working with PIDs in Tools IG
rda_graph:11329E11	Erdmann, Christopher	Co-Chair	rda_graph:00076528	Interest Group	Working with PIDs in Tools IG
rda_graph:7FDB1F02	Baumann, Peter	Co-Chair	rda_graph:00010158	Interest Group	Big Data IG
rda_graph:0065E80B	Riedel, Morris	Co-Chair	rda_graph:00010158	Interest Group	Big Data IG
rda_graph:C682E4BB	Banci, Lucia	Co-Chair	rda_graph:00002243	Interest Group	Structural Biology IG
rda_graph:A999842E	Morris, Chris	Co-Chair	rda_graph:00002243	Interest Group	Structural Biology IG
rda_graph:68B49ECE	Rosato, Antonio	Co-Chair	rda_graph:00002243	Interest Group	Structural Biology IG
rda_graph:ED12194C	de Waard, Anita	Co-Chair	rda_graph:00031943	Interest Group	RDA/WDS Publishing Data Cost Recovery for Data Centres IG
rda_graph:139483B5	Dillo, Ingrid	Co-Chair	rda_graph:00031943	Interest Group	RDA/WDS Publishing Data Cost Recovery for Data Centres IG
rda_graph:15370975	Hodson, Simon	Co-Chair	rda_graph:00031943	Interest Group	RDA/WDS Publishing Data Cost Recovery for Data Centres IG