UUID_Pathway	Pathway	Description	DataSource
rda_graph:2C0DA42E	Data Infrastructures and Environments - Institutional	Workflows and methods to implement the FAIR, CARE and TRUST Principles at the institutional data infrastructure level.	Pathway Github
rda_graph:03A30CFB	Data Infrastructures and Environments - International	Topics related to implementing principles that are common to all data infrastructures and community practices.	Pathway Github
rda_graph:521FDF0F	Data Infrastructures and Environments - Regional or Disciplinary	Standards and practices specific to a region and disciplinary community.	Pathway Github
rda_graph:7F11013B	Data Lifecycles - Versioning, Provenance, Citation, and Reward	Data management topics within the data lifecycle, including description, versioning, provenance, granularity, publishing, citation and reward.	Pathway Github
rda_graph:0DAC3574	Discipline Focused Data Issues	Implementation of principles and common data management practices from a disciplinary community.	Pathway Github
rda_graph:789662AC	FAIR, CARE, TRUST - Adoption, Implementation, and Deployment	Practices and methods for the adoption, implementation and deployment of the FAIR, CARE and TRUST Principles.	Pathway Github
rda_graph:025CBB68	FAIR, CARE, TRUST - Principles	The FAIR, CARE and TRUST principles and their applicability to various research objects, including data, software, metadata and hardware.	Pathway Github
rda_graph:4E73F09C	Other		Pathway Github
rda_graph:85B30A1B	Research Software	Practices and policies to make software open and FAIR.	Pathway Github
rda_graph:0178DD3E	Semantics, Ontology, Standardisation	Standardisation of metadata profiles, semantics and ontologies for maximising interoperability.	Pathway Github
rda_graph:DA7893AD	Training, Stewardship, and Data Management Planning	Training modules, schools, workshops and library support for stewardship and data management.	Pathway Github