UUID_Relation	Relation	UUID_RelationType	Relation_Type	ShortDescription	Description	Last update
rda_graph:18B89CEE	hasRelation	rda_graph:2F0D8046	externalResource	Web Resource	Linked to External Web Resource	
rda_graph:18B89CEE	hasRelation	rda_graph:204F4E3C	grantRelation	Grant	Linked to a Grant	
rda_graph:18B89CEE	hasRelation	rda_graph:590B29C7	rdaResource	RDA Web Resource	Linked to an RDA Web Resource	
rda_graph:18B89CEE	hasRelation	rda_graph:6B0DB685	zenodoCommunity	Zenodo Community	Linked to a Zenodo Community	
rda_graph:18B89CEE	hasRelation	rda_graph:00D40160	isAdoptedBy	Adopted by	Recommendation adopted by	SS 18-01-2024
rda_graph:18B89CEE	hasRelation	rda_graph:7D9E4FD2	isCreator	Is created by	Created resourse	SS 18-01-2024
rda_graph:18B89CEE	hasRelation	rda_graph:488C40F9	isContributor	Is contributor to	Is contributor to resource	SS 18-01-2024
rda_graph:18B89CEE	hasRelation	rda_graph:DB99C7E3	isAuthor	Is author to	Author of resource	SS 18-01-2024
rda_graph:18B89CEE	hasRelation	rda_graph:17BF5718	isRelated	Is related to	Is related to resource	SS 18-01-2024
rda_graph:18B89CEE	hasRelation	rda_graph:AEBD0D1E	createdBy	Created by	Created by e.g. individual, group	SS 18-01-2024
rda_graph:18B89CEE	hasRelation	rda_graph:E0973E0A	isAssociatedWith	Associated with	Associated with e.g. individual	SS 18-01-2024
rda_graph:18B89CEE	hasRelation	rda_graph:9B7DAD7E	isMemberOf	Member of	Member of e.g. WG	SS 18-01-2024
rda_graph:18B89CEE	hasRelation	rda_graph:B382DE21	isCoChair	Co-chair of	Co-chair of e.g. WG	SS 18-01-2024
rda_graph:18B89CEE	hasRelation	rda_graph:AC58FC04	linksTo	Links to	Links to e.g. resource	SS 18-01-2024
rda_graph:18B89CEE	hasRelation	rda_graph:5A33CBB3	isFrom	Is from	Is from e.g. country	SS 18-01-2024
rda_graph:18B89CEE	hasRelation	rda_graph:84C7C0E5	provides	Provides	Provides e.g. institution role	SS 18-01-2024
rda_graph:18B89CEE	hasRelation	rda_graph:E8904E44	supports	Supports	Supports e.g. pathway	SS 18-01-2024
rda_graph:18B89CEE	hasRelation	rda_graph:7375D5E9	focusesOn	Focuses on	Focuses on	SS 18-01-2024
rda_graph:18B89CEE	hasRelation	rda_graph:T0ZC84O0	instLink	Institution link	Linked to institution 	NH 08-02-2024
rda_graph:18B89CEE	hasRelation	rda_graph:T0ZC84O1	indLink	Individual link	Linked to  individual	NH 08-02-2024
rda_graph:18B89CEE	hasRelation	rda_graph:T0ZC84O2	wgLink	WG link	Linked to working group	NH 08-02-2024
rda_graph:18B89CEE	hasRelation	rda_graph:T0ZC84O3	igLink	IG link	Linked to interest group	NH 08-02-2024
rda_graph:18B89CEE	hasRelation	rda_graph:T0ZC84O4	OtherLink	Other Group link	Linked to other group 	EON 08-02-2024
rda_graph:18B89CEE	hasRelation	rda_graph:T0ZC84O5	isCollaborator 	Is collaborator	Is collaborator with/of	NH 01-04-2024
rda_graph:18B89CEE	hasRelation	rda_graph:T0ZC84O6	isSuccessor	Is successor 	Is successor of	NH 01-04-2024
rda_graph:18B89CEE	hasRelation	rda_graph:T0ZC84O7	wasChild	Was child	Was child of	NH 01-04-2024
rda_graph:18B89CEE	hasRelation	rda_graph:87410537	subjectTo	Subject to	Subject to e.g. rights	NH 03-04-24
rda_graph:18B89CEE	hasRelation	rda_graph:B842AED9	hasState		Has e.g. Workflow state	SS 18-01-2024
rda_graph:18B89CEE	hasRelation	rda_graph:46A6478C	isType		Is e.g. Resource type	SS 18-01-2024
rda_graph:18B89CEE	hasRelation	rda_graph:32C2B673	appliesTo		Applies to e.g. Keyword	SS 18-01-2024