UUID_Resource	relation	LOD_PID	UUID_RelationType	Relation_Type	(DataSource)	(DataDate)
rda_graph:PID_0074	hasRelation	https://doi.org/10.1016/j.patter.2020.100180  	rda_graph:2F0D8046	externalResource		
rda_graph:PID_0074	hasRelation	https://doi.org/10.14454/3W3Z-SA82	rda_graph:2F0D8046	externalResource		
rda_graph:PID_0104	hasRelation	https://doi.org/10.15497/RDA00075	rda_graph:590B29C7	rdaResource		
rda_graph:PID_0104	hasRelation	https://doi.org/10.15497/RDA00075	rda_graph:590B29C7	rdaResource		
rda_graph:PID_0082	hasRelation	https://doi.org/10.5281/zenodo.1116188	rda_graph:590B29C7	rdaResource		
rda_graph:PID_0091	hasRelation	https://doi.org/10.5281/zenodo.4571615	rda_graph:590B29C7	rdaResource		
rda_graph:PID_0090	hasRelation	https://doi.org/10.5281/zenodo.4571615	rda_graph:590B29C7	rdaResource		
rda_graph:PID_0113	hasRelation	https://doi.org/10.5281/zenodo.4916868	rda_graph:590B29C7	rdaResource		
rda_graph:PID_0014	hasRelation	https://doi.org/10.5281/zenodo.4916893	rda_graph:590B29C7	rdaResource		
rda_graph:PID_0156	hasRelation	https://doi.org/10.5281/zenodo.5024588	rda_graph:590B29C7	rdaResource		
rda_graph:PID_0021	hasRelation	https://doi.org/10.5281/zenodo.5834114	rda_graph:590B29C7	rdaResource		
rda_graph:PID_0030	hasRelation	https://doi.org/10.5281/zenodo.6007530	rda_graph:590B29C7	rdaResource		
rda_graph:PID_0104	hasRelation	https://doi.org/10.5281/zenodo.6665146	rda_graph:590B29C7	rdaResource		
rda_graph:PID_0104	hasRelation	https://doi.org/10.5281/zenodo.6665305	rda_graph:590B29C7	rdaResource		
rda_graph:PID_0117	hasRelation	https://doi.org/10.5281/zenodo.6665306	rda_graph:590B29C7	rdaResource		
rda_graph:PID_0074	hasRelation	https://doi.org/10.5334/dsj-2020-018	rda_graph:2F0D8046	externalResource		
rda_graph:PID_0082	hasRelation	https://cordis.europa.eu/project/id/653194/	rda_graph:204F4E3C	grantRelation		
rda_graph:PID_0014	hasRelation	https://cordis.europa.eu/project/id/777388/	rda_graph:204F4E3C	grantRelation		
rda_graph:PID_0113	hasRelation	https://cordis.europa.eu/project/id/777388/	rda_graph:204F4E3C	grantRelation		
rda_graph:PID_0156	hasRelation	https://cordis.europa.eu/project/id/823782/	rda_graph:204F4E3C	grantRelation		
rda_graph:PID_0023	hasRelation	https://rd-alliance.org/group/data-description-registry-interoperability-ddri-wg/outcomes/data-description-registry-interoperability	rda_graph:590B29C7	rdaResource		
rda_graph:PID_0102	hasRelation	https://zenodo.org/communities/covid-19	rda_graph:6B0DB685	zenodoCommunity		
rda_graph:PID_0030	hasRelation	https://zenodo.org/communities/ecodm	rda_graph:6B0DB685	zenodoCommunity		
rda_graph:PID_0021	hasRelation	https://zenodo.org/communities/ecodm	rda_graph:6B0DB685	zenodoCommunity		
rda_graph:71E92924	hasRelation	https://zenodo.org/communities/fair4rs	rda_graph:6B0DB685	zenodoCommunity		
rda_graph:71E92924	hasRelation	https://zenodo.org/communities/force11	rda_graph:6B0DB685	zenodoCommunity		
rda_graph:PID_0014	hasRelation	https://zenodo.org/communities/oaitalia	rda_graph:6B0DB685	zenodoCommunity		
rda_graph:PID_0113	hasRelation	https://zenodo.org/communities/oaitalia	rda_graph:6B0DB685	zenodoCommunity		
rda_graph:PID_0159	hasRelation	https://zenodo.org/communities/rda	rda_graph:6B0DB685	zenodoCommunity		
rda_graph:PID_0146	hasRelation	https://zenodo.org/communities/rda	rda_graph:6B0DB685	zenodoCommunity		
rda_graph:PID_0105	hasRelation	https://zenodo.org/communities/rda	rda_graph:6B0DB685	zenodoCommunity		
rda_graph:PID_0111	hasRelation	https://zenodo.org/communities/rda	rda_graph:6B0DB685	zenodoCommunity		
rda_graph:PID_0093	hasRelation	https://zenodo.org/communities/rda	rda_graph:6B0DB685	zenodoCommunity		
rda_graph:PID_0005	hasRelation	https://zenodo.org/communities/rda	rda_graph:6B0DB685	zenodoCommunity		
rda_graph:PID_0027	hasRelation	https://zenodo.org/communities/rda	rda_graph:6B0DB685	zenodoCommunity		
rda_graph:PID_0143	hasRelation	https://zenodo.org/communities/rda	rda_graph:6B0DB685	zenodoCommunity		
rda_graph:PID_0161	hasRelation	https://zenodo.org/communities/rda	rda_graph:6B0DB685	zenodoCommunity		
rda_graph:PID_0024	hasRelation	https://zenodo.org/communities/rda	rda_graph:6B0DB685	zenodoCommunity		
rda_graph:C7C0D92C	hasRelation	https://zenodo.org/communities/rda	rda_graph:6B0DB685	zenodoCommunity		
rda_graph:PID_0002	hasRelation	https://zenodo.org/communities/rda	rda_graph:6B0DB685	zenodoCommunity		
rda_graph:PID_0043	hasRelation	https://zenodo.org/communities/rda	rda_graph:6B0DB685	zenodoCommunity		
rda_graph:PID_0115	hasRelation	https://zenodo.org/communities/rda	rda_graph:6B0DB685	zenodoCommunity		
rda_graph:PID_0120	hasRelation	https://zenodo.org/communities/rda	rda_graph:6B0DB685	zenodoCommunity		
rda_graph:PID_0011	hasRelation	https://zenodo.org/communities/rda	rda_graph:6B0DB685	zenodoCommunity		
rda_graph:PID_0127	hasRelation	https://zenodo.org/communities/rda	rda_graph:6B0DB685	zenodoCommunity		
rda_graph:PID_0117	hasRelation	https://zenodo.org/communities/rda	rda_graph:6B0DB685	zenodoCommunity		
rda_graph:PID_0082	hasRelation	https://zenodo.org/communities/rda	rda_graph:6B0DB685	zenodoCommunity		
rda_graph:PID_0124	hasRelation	https://zenodo.org/communities/rda	rda_graph:6B0DB685	zenodoCommunity		
rda_graph:PID_0112	hasRelation	https://zenodo.org/communities/rda	rda_graph:6B0DB685	zenodoCommunity		
rda_graph:PID_0012	hasRelation	https://zenodo.org/communities/rda	rda_graph:6B0DB685	zenodoCommunity		
rda_graph:PID_0122	hasRelation	https://zenodo.org/communities/rda	rda_graph:6B0DB685	zenodoCommunity		
rda_graph:26AE3A1D	hasRelation	https://zenodo.org/communities/rda	rda_graph:6B0DB685	zenodoCommunity		
rda_graph:PAT_0038	hasRelation	https://zenodo.org/communities/rda	rda_graph:6B0DB685	zenodoCommunity		
rda_graph:PID_0163	hasRelation	https://zenodo.org/communities/rda	rda_graph:6B0DB685	zenodoCommunity		
rda_graph:PID_0022	hasRelation	https://zenodo.org/communities/rda	rda_graph:6B0DB685	zenodoCommunity		
rda_graph:PID_0129	hasRelation	https://zenodo.org/communities/rda	rda_graph:6B0DB685	zenodoCommunity		
rda_graph:PID_0023	hasRelation	https://zenodo.org/communities/rda	rda_graph:6B0DB685	zenodoCommunity		
rda_graph:PID_0152	hasRelation	https://zenodo.org/communities/rda	rda_graph:6B0DB685	zenodoCommunity		
rda_graph:PID_0032	hasRelation	https://zenodo.org/communities/rda	rda_graph:6B0DB685	zenodoCommunity		
rda_graph:PID_0053	hasRelation	https://zenodo.org/communities/rda	rda_graph:6B0DB685	zenodoCommunity		
rda_graph:PID_0106	hasRelation	https://zenodo.org/communities/rda	rda_graph:6B0DB685	zenodoCommunity		
rda_graph:PID_0107	hasRelation	https://zenodo.org/communities/rda	rda_graph:6B0DB685	zenodoCommunity		
rda_graph:PID_0116	hasRelation	https://zenodo.org/communities/rda	rda_graph:6B0DB685	zenodoCommunity		
rda_graph:PID_0091	hasRelation	https://zenodo.org/communities/rda	rda_graph:6B0DB685	zenodoCommunity		
rda_graph:PID_0051	hasRelation	https://zenodo.org/communities/rda	rda_graph:6B0DB685	zenodoCommunity		
rda_graph:PID_0001	hasRelation	https://zenodo.org/communities/rda	rda_graph:6B0DB685	zenodoCommunity		
rda_graph:PID_0021	hasRelation	https://zenodo.org/communities/rda	rda_graph:6B0DB685	zenodoCommunity		
rda_graph:PID_0016	hasRelation	https://zenodo.org/communities/rda	rda_graph:6B0DB685	zenodoCommunity		
rda_graph:PID_0030	hasRelation	https://zenodo.org/communities/rda	rda_graph:6B0DB685	zenodoCommunity		
rda_graph:PID_0156	hasRelation	https://zenodo.org/communities/rda	rda_graph:6B0DB685	zenodoCommunity		
rda_graph:PID_0004	hasRelation	https://zenodo.org/communities/rda	rda_graph:6B0DB685	zenodoCommunity		
rda_graph:PID_0130	hasRelation	https://zenodo.org/communities/rda	rda_graph:6B0DB685	zenodoCommunity		
rda_graph:PID_0104	hasRelation	https://zenodo.org/communities/rda	rda_graph:6B0DB685	zenodoCommunity		
rda_graph:PID_0074	hasRelation	https://zenodo.org/communities/rda	rda_graph:6B0DB685	zenodoCommunity		
rda_graph:PID_0059	hasRelation	https://zenodo.org/communities/rda	rda_graph:6B0DB685	zenodoCommunity		
rda_graph:71E92924	hasRelation	https://zenodo.org/communities/rda	rda_graph:6B0DB685	zenodoCommunity		
rda_graph:PID_0020	hasRelation	https://zenodo.org/communities/rda	rda_graph:6B0DB685	zenodoCommunity		
rda_graph:PID_0073	hasRelation	https://zenodo.org/communities/rda	rda_graph:6B0DB685	zenodoCommunity		
rda_graph:PID_0113	hasRelation	https://zenodo.org/communities/rda	rda_graph:6B0DB685	zenodoCommunity		
rda_graph:PID_0121	hasRelation	https://zenodo.org/communities/rda	rda_graph:6B0DB685	zenodoCommunity		
rda_graph:PID_0006	hasRelation	https://zenodo.org/communities/rda	rda_graph:6B0DB685	zenodoCommunity		
rda_graph:PID_0090	hasRelation	https://zenodo.org/communities/rda	rda_graph:6B0DB685	zenodoCommunity		
rda_graph:PID_0102	hasRelation	https://zenodo.org/communities/rda	rda_graph:6B0DB685	zenodoCommunity		
rda_graph:PID_0100	hasRelation	https://zenodo.org/communities/rda	rda_graph:6B0DB685	zenodoCommunity		
rda_graph:PID_0119	hasRelation	https://zenodo.org/communities/rda	rda_graph:6B0DB685	zenodoCommunity		
rda_graph:PID_0142	hasRelation	https://zenodo.org/communities/rda	rda_graph:6B0DB685	zenodoCommunity		
rda_graph:PID_0118	hasRelation	https://zenodo.org/communities/rda	rda_graph:6B0DB685	zenodoCommunity		
rda_graph:PID_0140	hasRelation	https://zenodo.org/communities/rda	rda_graph:6B0DB685	zenodoCommunity		
rda_graph:PID_0014	hasRelation	https://zenodo.org/communities/rda	rda_graph:6B0DB685	zenodoCommunity		
rda_graph:PID_0114	hasRelation	https://zenodo.org/communities/rda	rda_graph:6B0DB685	zenodoCommunity		
rda_graph:PID_0101	hasRelation	https://zenodo.org/communities/rda	rda_graph:6B0DB685	zenodoCommunity		
rda_graph:PID_0104	hasRelation	https://zenodo.org/communities/rda-pds-ig	rda_graph:6B0DB685	zenodoCommunity		
rda_graph:71E92924	hasRelation	https://zenodo.org/communities/resa	rda_graph:6B0DB685	zenodoCommunity		
rda_graph:PID_0156	hasRelation	https://zenodo.org/communities/sshoc	rda_graph:6B0DB685	zenodoCommunity		
rda_graph:PID_0102	hasRelation	https://zenodo.org/communities/zenodo	rda_graph:6B0DB685	zenodoCommunity		