UUID_WorkingGroup	Title	Description	UUID_Domain	Domain(s)	URL
rda_graph:9B4102E4	Agrisemantics WG	Agricultural information encompasses ​diverse types of data​, from policy, technical and scientific textual documents, through visualizations of temporally and spatially explicit information, to scientific data and models to allow nowcasting and forecasting of agricultural outcomes. Many, if not all, of these types of data are regularly sought after and used by experts in agriculture and poverty reduction, in order to understand the current situation in a given geographical context, identify current and predicted trends, and define actions and policies to implement. However, much of that information is described and catalogued using natural language and ​ad­hoc semantics​, which limits the potential for unified search across different information systems, and makes the use and reuse of data for tasks such as impact assessment, extraction of trends or projections into the future extremely laborious and hardly replicable.	27BE021B	Agricultural Sciences	https://www.rd-alliance.org/groups/agrisemantics-wg.html
rda_graph:31E9274F	Alignment of multilingual vocabularies in the Social Sciences and Humanities WG	The Working Group plans to address these issues by providing collectively approved recommendations for creating, extending, updating, and aligning multilingual vocabularies in the SSH. The objective of this RDA WG, currently co-chaired by OPERAS RI, the coordinator of TRIPLE, is to focus on a part of the SSHOC vocabulary roadmap and to collect from a broader community both insights and feedback about a methodology for the alignment of controlled vocabularies in many languages.	04DFE4A5; 6DC9618F	Social Sciences; Humanities	https://www.rd-alliance.org/new-rda-working-group-alignment-multilingual-vocabularies-social-sciences-and-humanities-ssh-kick
rda_graph:00050325	Array Database Assessment WG	The Array Database Assessment WG will inspect the emerging technology of Array Databases to provide support for technologists and decision makers considering Big Data services in academic and industrial environments (such as in large-scale data centers) by establishing best-practice guidelines on how to optimally serve multi-dimensional gridded Big Data through Array Databases. This will be accomplished through a neutral, thorough hands-on evaluation assessing available Array Database systems and comparable technology	5CB3D8C8	Computer and information sciences	https://www.rd-alliance.org/groups/array-database-working-group.html
rda_graph:DC13BC0D	Artificial Intelligence and Data Visitation (AIDV) WG	The principal objective of AIDV-WG is to examine the promises, challenges, and barriers to the use of AI in data sharing and Open Science having regard to scientists and research institutions as well as to policy and the interests of patients, communities, health advocates, and those stakeholders otherwise underrepresented in these important initiatives for Open Science.	04DFE4A5; 1FD22581; 5CB3D8C8	Social Sciences; Law; Computer and information sciences	https://www.rd-alliance.org/groups/artificial-intelligence-and-data-visitation-aidv-wg
rda_graph:00061462	Big Data Modelling of UN SDGs	The proposed setting–Development Science Framework (DSF), views each SDG as a source of highly correlated Big Data attributes and seeks to explore their interactions in a predictive, spatio-temporal context. For example, the relationships among SDGs 13, 14 & 15 on human livelihood, reflected by SDGs 1 through 7, are particularly intriguing and modelling their dynamics can provide answers to general questions in the form of What Works Across Countries and Sectors? The relationships among attributes describe the invariant conditions that epitomise the meaningfulness of the concept which DSF learns from available data. DSF adopts first principles approach, treating SDGs as sub-projects, driven by the well-documented relationship between knowledge & development in time and space. It focuses on trust, interdisciplinarity, authoritative data, knowledge transfer, resources, tools & techniques. Analogous to Eleanor Roosevelt’s view on where universal rights begin, it takes a bottom-up approach to the universal agenda 2030, seeking real knowledge on indicators from "...small places, close to home–so close and so small that they cannot be seen on" the World Bank SDG Atlas. Its main objectives are therefore to map and deliver knowledge about clusters of individual societies on that global map, their disparate neighborhoods, activities, achievements and influencing factors, based on indicators deriving from relevant and authoritative data from various sources, including grey literature and citizen science. Its implementation strategy is for three pilot DSF SDG monitoring nodes to be established in three African countries with known socio-economic heterogeneity, in order to provide a clear baseline for the project. To effectively support agenda 2030 at the country level, the project requires a guarantee that policy makers affecting each monitoring node, are in full agreement with Open Data Initiative (ODI) agenda.	04DFE4A5; 285F97D3; 6DC9618F	Social Sciences; Engineering and Technology; Humanities	https://www.rd-alliance.org/groups/big-data-modelling-un-sdgs
rda_graph:F8C3E8EE	Blockchain Applications in Health WG	The Health Data IG is sponsoring the idea of establishing a WG focusing on Blockchain in Health data, as a technological advanced solution for securing data sharing among clinical institutions and individuals.	285F97D3; 95093901	Engineering and Technology; Medical and Health Sciences	https://www.rd-alliance.org/groups/blockchain-applications-health-wg
rda_graph:D853DFBD	Brokering Framework Working Group	In a SOA framework, software components interoperability is implemented by defining and using common protocols. In a web services framework, interoperability protocols are characterized by their interface methods, and bindings as well as their payload content. For example, in the case of protocols for data discovery and access, the payload content contains data and metadata encoded using specific models.	5CB3D8C8; 285F97D3	Computer and information sciences; Engineering and technology	https://www.rd-alliance.org/groups/brokering-framework-working-group.html
rda_graph:CF1D4EFF	Capacity Development for Agriculture Data WG	The aim of this Working Group (WG) is to develop synergies between existing education and training activities and agricultural science needs by performing a landscape assessment to identify existing gaps and training requirements within the Interest Group on Agricultural Data (IGAD) WGs related. A particular focus will be on sharing knowledge about training initiatives and technologies, reducing digital divides so that researchers and practitioners in developing countries can also benefit. It will also empower the existing collaboration with GODAN and GODAN Action. GODAN Action is a project to enable the effective use of open data in tackling the food security and nutrition challenges by building the capacity of potential stakeholders to both understand the potential of open data for agriculture and nutrition and to engage with it practically http://www.godan.info/godan-action.	27BE021B	Agricultural Sciences	https://www.rd-alliance.org/groups/capacity-development-agriculture-data-wg
rda_graph:00054366	Certification and Accreditation for Data Science Training and Education WG	The Certification and Accreditation for Data Science Training and Education WG will engage in a yearlong exercise to map existing certification and accreditation schemes from around the world that relate to courses of all varieties that relate to Data Science and other data-related themes. The survey will encompass undergraduate, postgraduate, professional development and other non-academic pathways. We will include modules, courses and programmes, from both public and private bodies. At the end of 12 months the Working Group will deliver a comprehensive report comparing and analyzing a broad sweep of the options together with recommendations for how best to serve the interests of future Data Science and data-related education and training.	5CB3D8C8; C1E4C81A	Computer and information sciences; Educational sciences	https://www.rd-alliance.org/groups/certification-and-accreditation-data-science-training-and-education-wg
rda_graph:230464B5	Complex Citations Working Group	This working group proposes to address the use case of citing a large number of existing objects (e.g., datasets, software, or physical samples) in a way that allows credit for individual objects to be properly assigned. Such collections of objects may contain hundreds to millions+ of elements, and the ‘complex’ citation might need to encompass subsets of elements from multiple collections. The working term “reliquary” is used to refer to this concept throughout this document. However, there exist a number of alternative terms including Data Collection, Package, Crate and more. Infrastructure and guidance are still required to make it easier for researchers to use this type of citation and to receive or give credit for the object used in the research. Solving the problem of these reliquary citations is critical to enabling reproducible research. Moreover, enabling these complex reliquary citations will be important for researchers to be able to trace citation and usage of their work and report on its impact to funders. For policy makers, it will allow the effects of policy decisions to be accurately tracked through citation and analysis of the supporting data.	04DFE4A5; 2581C431; 285F97D3; 95093901; 27BE021B; 6DC9618F	Social Sciences; Natural Sciences; Engineering and Technology; Medical and Health Sciences; Agricultural Sciences; Humanities	https://www.rd-alliance.org/groups/complex-citations-working-group
rda_graph:76F4505B	Coordinating Earth, Space, and Environmental Science Data Preservation and Scholarly Publication Processes	Coordinating Earth, Space, and Environmental Science Data Preservation and Scholarly Publication Processes	51DE8B93; E381BBCB	Earth and related environmental sciences; Environmental engineering	https://www.rd-alliance.org/groups/coordinating-earth-space-and-environmental-science-data-preservation-and-scholarly
rda_graph:DA83B086	CoreTrustSeal Maintenance WG	The CoreTrustSeal Maintenance Group is the successor to and maintains the outputs of the Repository Audit and Certification DSA–WDS Partnership WG. The original Working Group was created at the request of RDA members who sought a single set of ‘core’ level Trustworthy Digital Repository (TDR) Requirements and an associated assessment and certification process delivered through a sustainable service provider.	5CB3D8C8	Computer and information sciences 	https://www.rd-alliance.org/groups/coretrustseal-maintenance-wg
rda_graph:8634FB10	CURE-FAIR WG	The goal of the working group was to establish standards-based guidelines for curating for reproducible and FAIR data and code (Wilkinson et al., 2016). Informed by an examination of current curation practices and their alignment with FAIR principles, these guidelines offer a framework for implementing effective curation workflows for publishing FAIR data and code that support scientific reproducibility. The ultimate objective is to improve FAIR-ness and long-term usability of “reproducible file bundles” across domains.	5CB3D8C8	Computer and information sciences 	https://www.rd-alliance.org/groups/cure-fair-wg
rda_graph:46CBC376	Data Citation WG	The RDA Working Group on Data Citation (WG-DC) brings together experts addressing the issues, requirements, advantages and shortcomings of existing approaches for efficiently and precisely identifying and citing arbitrary subsets of (potentially highly dynamic) data. It's recommendations are based upon on (1) timestamping and versioning changes to evolving data and (2) identifying arbitrary subsets by assigning PIDs to the queries selecting the according subsets and are applicable across all types of data, such as e.g. collections of files, relational databases, multidimensional data cubes or regions in images..	2581C431	Natural Sciences	https://www.rd-alliance.org/groups/data-citation-wg.html
rda_graph:00001083	Data Description Registry Interoperability (DDRI) WG	The partners in this working group have addressed the problem of cross-platform discovery by connecting datasets together on the basis of co-authorship or other collaboration models such as joint funding and grants. This working group did not aim for a monolithic solution, avoiding a one uber-portal to rule them all. Rather it compiles simple enabling infrastructures based on existing open protocols and standards with a flexible and extensible approach that allows registries to opt-in and enables any third-party to create particular global views of research data.	285F97D3; 2581C431	Engineering and Technology; Natural Sciences 	https://www.rd-alliance.org/groups/data-description-registry-interoperability.html
rda_graph:00000147	Data Foundation and Terminology WG	The DFT WG task is to describe a basic, abstract data organization model which can be used to derive a reference data terminology that can be used across communities and stakeholders to better synchronize conceptualization, to enable better understanding within and between communities and finally to stimulate tool building, such as for data services, supportive of the basic model’s use. We assume that this abstract data organization model will focus on common building blocks and their characteristics, along with relevant protocols.	04DFE4A5; 2581C431; 285F97D3; 95093901; 27BE021B; 6DC9618F	Social Sciences; Natural Sciences; Engineering and Technology; Medical and Health Sciences; Agricultural Sciences; Humanities	https://www.rd-alliance.org/groups/data-foundation-and-terminology-wg.html
rda_graph:3BF26F71	Data Granularity WG	The efficient and effective reuse of data requires that users, be they humans or machines, be able to find and access data at fine levels of granularity. The WG will explore key questions and collect and share valuable information for how to best support data granularity, providing guidance to help data professionals to determine the best level of granularity for user discovery, access, interoperability and citability.	5CB3D8C8	Computer and information sciences 	https://www.rd-alliance.org/groups/data-granularity-wg
rda_graph:179A055B	Data Repository Attributes WG	The Data Repository Attributes Working Group seeks to produce a list of common attributes that describe a research data repository and to provide examples of the current approaches that different data repositories are taking to express and expose these attributes.	5CB3D8C8	Computer and information sciences 	https://www.rd-alliance.org/groups/data-repository-attributes-wg
rda_graph:00050276	Data Security and Trust WG	Our aim is to focus on a few practical topics which immediately allow to improve security and identify opportunities for the controlled sharing of sensitive research data. These topics initially include:● Operational (technical) policies on data access and data release for research data that is deemed sensitive because of privacy or commercial considerations, or other concerns● Authentication and authorisation protocols for data access● Protocols for data integrity and authenticity● Secure and privacy aware data processing● Data sharing (processing data offsite) and code exchange (processing onsite)	5CB3D8C8	Computer and information sciences	https://www.rd-alliance.org/group/data-security-and-trust-wg/case-statement/working-group-data-security-and-trust-wgdst 
rda_graph:00000145	Data Type Registries WG	DTR WG activity is currently paused while the topic of data type registries is under consideration by ISO as a potential standard. The next step in DTR work is clearly governance, regardless of the outcome of the ISO work, but if and when an ISO group comes into focus it will strongly influence the proper next steps for the RDA group. A likely outcome is the creation of the third version of the DTR group to work on governance, either in collaboration with ISO or independent of it.	5CB3D8C8	Computer and information sciences	https://www.rd-alliance.org/groups/data-type-registries-wg.html
rda_graph:810DBC31	Data Usage Metrics WG	Research data is increasingly recognized as an important output of scholarly research, however, there are not yet standardized or comprehensive metrics for research data as there are for articles. Data Citations are necessary for the advancement of research data recognition, and initiatives in the RDA and scholarly communications space (eg. RDA/WDS Scholarly Link Exchange WG) are working to gain community adoption. Complementary to citations are data usage metrics (views, downloads). Both usage metrics and data citations are currently not yet counted and aggregated into clear metrics, as it is done for articles.	5CB3D8C8; 04DFE4A5	Computer and information sciences; Social Sciences	https://www.rd-alliance.org/groups/data-usage-metrics-wg
rda_graph:901DE404	Discipline-specific Guidance for Data Management Plans WG	This working group would like to address this issue in detail. The aim of the WG is to propose discipline-specific adaptations for DMP templates for the disciplines behavioual, educational and social science, natural and engineering science as well as life science with the focus on medicine and biology. Starting point is the "Science Europe Practical Guide". As a first step, an online survey will be conducted. Subsequently, in-depth interviews or workshops with different researchers of the several disciplines will be organized to further narrow down the discipline-specific aspects. Guidance will then be developed for these discipline-specific aspects, which can be incorporated into the help texts, the questions or answers. In this way, the different systems of the tool providers are also accommodated.	04DFE4A5; 2581C431; 285F97D3; 95093901; 27BE021B; 6DC9618F	Social Sciences; Natural Sciences; Engineering and Technology; Medical and Health Sciences; Agricultural Sciences; Humanities	https://www.rd-alliance.org/groups/discipline-specific-guidance-data-management-plans-wg
rda_graph:E440A7DC	DMP Common Standards WG	The specific focus of this working group is on developing common information model and specifying access mechanisms that make DMPs machine-actionable. The outputs of this working group will help in making systems interoperable and will allow for automatic exchange, integration, and validation of information provided in DMPs, for example, by checking whether a provided PID links to an existing dataset, if hashes of files match to their provenance traces, or whether a license was specified. The common information models are NOT intended to be prescriptive templates or questionnaires, but to provide re-usable ways of representing machine-actionable information on themes covered by DMPs.	285F97D3; 2581C431	Engineering and Technology; Natural Sciences 	https://www.rd-alliance.org/groups/dmp-common-standards-wg
rda_graph:00070626	Epidemiology common standard for surveillance data reporting WG	We will build upon the work begun by the RDA COVID-19 Epidemiology WG, and extend beyond the COVID-19 pandemic to provide an actionable specification for reporting communicable disease surveillance data and metadata, including geospatial data.	95093901	Medical and Health Sciences	https://www.rd-alliance.org/groups/epidemiology-common-standard-surveillance-data-reporting-wg
rda_graph:5000B80F	Exposing Data Management Plans WG	This proposed working group will address both of these issues; the issue of a standardised form of expression for DMPs is the concern of the proposed DMP Common Standards Working Group. The group’s output will include a reference model and alternative strategies for exposing plans, to best serve community interests in meeting FAIR principles, based on shared experience of ‘early adopters’ in test implementations. It will be supported by work to gauge user needs and motivations for exposing DMPs as well as perceived risks and disbenefits. Note * our main focus is on Data Management Plans (DMPs) but we will seek examples of Software Management Plans (SMPs) where relevant to the exposure use cases of interest to the Active DMP Interest Group.	5CB3D8C8	Computer and information sciences 	https://www.rd-alliance.org/groups/exposing-data-management-plans-wg
rda_graph:3854E5F3	FAIR Data Maturity Model WG	The RDA FAIR Data Maturity Model Working Group develops as an RDA Recommendation a common set of core assessment criteria for FAIRness and a generic and expandable self-assessment model for measuring the maturity level of a dataset. The aim is not to develop yet another FAIR assessment approach but to build on existing initiatives, looking at common elements and allowing the group to identify core elements for the evaluation of FAIRness. That will increase the coherence and interoperability of existing or emerging FAIR assessment frameworks and it will ensure the combination and compatibility of their results in a meaningful way.	5CB3D8C8	Computer and information sciences 	https://www.rd-alliance.org/groups/fair-data-maturity-model-wg
rda_graph:9E696BC8	FAIRification of Genomic Annotations WG	Since the completion of the Human Genome Project, we have witnessed an explosion of datasets annotating particular locations along reference DNA sequences with e.g. aspects of functional processes. Tremendous amounts of research funding have been provided to large and small projects that have generated genomic annotation datasets. Many of these datasets relate to human genomes, but an increasing amount of such data is also generated for other model organisms – and with the recent surge of biodiversity projects – for a range of species spanning the whole tree of life. Unfortunately, researchers who want to make use of such data face practical challenges in discovering and reusing datasets relevant to their research. While many repositories and data distribution solutions exist, the metadata is often poorly aligned with best practices for Findable, Accessible, Interoperable and Reusable (FAIR) research data. Even in cases where proper metadata exists, relevant solutions typically provide metadata according to different metadata models and APIs.	2581C431; 95093901	Natural Sciences; Medical and Health Sciences	https://www.rd-alliance.org/groups/fairification-genomic-annotations-wg
rda_graph:9246BCBC	FAIR for Research Software (FAIR4RS) WG	One of the major challenges of data-driven research is to facilitate knowledge discovery by assisting humans and machines in their discovery of, access to, integration and analysis of data and their associated research objects, e.g., algorithms, software, and workflows. To address this, an initial effort to define a "DATA FAIRPORT"1 began in 2014 at the Lorentz workshop and transitioned into developing a set of FAIR data Guiding Principles in 2016. The details of the FAIR data principles2 strongly contribute to addressing this challenge with regard to research data, and the principles, at a high level, are intended to apply to all research objects; both those used in research and that form the outputs of research. Here we focus on the adaptation and adoption of the FAIR principles for the case of research software.	285F97D3; 2581C431	Engineering and Technology; Natural Sciences 	https://www.rd-alliance.org/groups/fair-research-software-fair4rs-wg
rda_graph:594BB0DB	FAIR for Virtual Research Environments WG	The FAIR4VREs WG will enable coordination between existing communities working with VREs, science gateways, platforms and virtual labs, to define what it means for VREs to be and enable FAIR, and provide guidance to VRE developers in achieving this.	285F97D3; 2581C431	Engineering and Technology; Natural Sciences 	https://www.rd-alliance.org/groups/fair-virtual-research-environments-wg
rda_graph:F037D072	FAIRsharing Registry: Connecting data policies, standards and databases RDA WG	The product of this WG will be a searchable registry of reliable and linked information about databases, content standards (as defined in section 2.2) and journal and funder policies in the life sciences on which a variety of stakeholders can base their decisions. Specifically, journals, researchers and funders will be able to recommend or select mature and community endorsed databases and standards, and developers and curators of repositories and content standards will be aware of the requirements they need to meet to ensure their products are discoverable and well described so that they can be used by researchers or recommended by journals and funders.	04DFE4A5; 2581C431; 285F97D3; 95093901; 27BE021B; 6DC9618F	Social Sciences; Natural Sciences; Engineering and Technology; Medical and Health Sciences; Agricultural Sciences; Humanities	https://www.rd-alliance.org/group/fairsharing-registry-connecting-data-policies-standards-databases.html
rda_graph:00054174	Fisheries Data Interoperability WG	The general objective of the Fisheries Data Interoperability Working Group (FDIWG) is to devise a global data exchange and integration framework to support scientific advice on stock status and exploitation that build on fisheries data. Various fisheries data domains utilized in such scientific processes are concerned, including data collected for monitoring control and surveillance, scientific fisheries Data Collection Frameworks, fisheries scientific observers schemes, and statistical or status & trends reporting frameworks. The proposed framework will facilitate the use of de-facto, and preferably open, standards for the identification, description, mapping and publication of fisheries data supporting scientific processes..	FA501DD3	Agriculture, forestry, and fisheries	https://www.rd-alliance.org/groups/fisheries-data-interoperability-wg
rda_graph:8A27AB95	GORC International Model WG	When relevant, the WG will also collect information about how existing commons are measuring success, adoption or use of their attributes and services within their organization, such as number or amount of data downloads, contributed software, and similar key performance indicators (KPI) and access statistics.	04DFE4A5; 2581C431; 6DC9618F	Social Sciences; Natural Sciences; Humanities	https://www.rd-alliance.org/groups/gorc-international-model-wg
rda_graph:6E0807DC	International Materials Resource Registries WG	As a domain, Materials Science and Engineering (MSE) is exceptionally broad and interdisciplinary with its origins most directly from metallurgy, ceramics and polymer science, but also with important ties to other disciplines such as physics, chemistry, chemical engineering, geology, electronics, optics, and biology. As a global community, MSE is expanding rapidly worldwide through the establishment of large, multi-institutional academic research centers, government labs, industrial consortia, and computing facilities. MSE researchers often need to answer complex questions such as “What structural properties and processing methods are required to develop new lightweight materials that significantly improve fuel efficiency yet meet safety standards satisfied by traditional materials in use today?” To this end we have seen the creation of programs such as the Materials Genome Initiative (MGI) in the US that aim to decrease the cost and time to develop new materials by a factor of two through more effective discovery, access, and interoperability of experimental and simulation data. However, finding the latest materials data and resources to answer such questions amidst this rich diversity and accelerated growth is an increasingly difficult and time-consuming endeavor.	285F97D3	Engineering and Technology	https://www.rd-alliance.org/groups/working-group-international-materials-resource-registries.html
rda_graph:32733AF7	InteroperAble Descriptions of Observable Property Terminology WG (I-ADOPT WG)	The I-ADOPT WG will focus on creating a community-agreed framework for representing observable properties by bringing together groups that have been working on developing terminologies to accurately encode what was measured, observed, derived, or computed. The consensus building will be informed by reviewing current practices and by a set of use cases, which will be used to define the requirements and to test and refine the common framework iteratively. Much like a generic blueprint, this framework will be a basis upon which terminology developers can formulate local, but globally aligned, design patterns. With these, they may leverage their local “materials” in a multi-pronged attempt to represent complex properties observed across the environmental sciences (from marine to terrestrial ecosystems, as well as biodiversity, atmospheric, and Earth sciences). The WG will then seek to synthesize these approaches into global best practice recommendations. Furthermore, it will help mediate between generic observation standards (SSNO, SensorML, ..) and current community-led resources, fostering harmonized implementations. Through this effort, FAIRer observable property terminologies will be created, the global effectiveness of tools operating upon them will be improved and their impact increased. The WG will thus strengthen existing collaborations and build new connections between terminology developers and providers, disciplinary experts, and representatives of scientific data user groups.	2581C431	Natural Sciences	https://www.rd-alliance.org/groups/interoperable-descriptions-observable-property-terminology-wg-i-adopt-wg
rda_graph:00048109	Metadata Standards Catalog WG	The Metadata Standards Catalog (MSC) Working Group has produced a machine-actionable catalog of metadata standards submitted by all RDA WGs. The catalog system has an end-user input form and an API for submission from other software. Similarly it has a user interface for query/reporting and an API for software to query and retrieve suitable standards information. The MSC is a fundamental tool in any autonomic e-research fabric.	04DFE4A5; 2581C431; 285F97D3; 95093901; 27BE021B; 6DC9618F	Social Sciences; Natural Sciences; Engineering and Technology; Medical and Health Sciences; Agricultural Sciences; Humanities	https://www.rd-alliance.org/groups/metadata-standards-catalog-working-group.html
rda_graph:00000153	Metadata Standards Directory WG	The RDA Metadata Standards Directory WG (MASDIR) is supported by individuals and organizations involved in the development, implementation, and use of metadata for scientific data. The continued proliferation and abundance of content driven metadata standards for scientific data present significant challenges for: 1) Individuals seeking guidance in the selection of appropriate metadata standards, and 2) Automatic processing capabilities for manipulating digital data. Research indicates the many researchers are following local metadata practices developed in a lab, or no standard at all (See Figure 1, Tenopir, et al, 2011). Additionally, research reveals that discipline-­‐specific metadata efforts have led to duplicative standards, given the lack of communication across communities (Willis, et al, 2012). A collaborative, open directory of metadata standards applicable to scientific data can help address these infrastructure challenges. MASDIR will succeed the work of the initially endorsed via the RDA Metadata Standards Directory Interest Group (MSDIG) and directly contribute to cyber-­‐infrastructure development by accomplishing short-­‐term goals listed directly below in Section 1.1.	2581C431	Natural Sciences	https://www.rd-alliance.org/groups/metadata-standards-directory-working-group.html
rda_graph:0E1A1722	National PID Strategies WG	The National PID Strategies WG is exploring how PIDs form part of national policy implementation frameworks. There are systemic and network benefits from widespread and consistent PID adoption, and funders, government agencies, and national research communities have created PID consortia or policies (including mandates) in pursuit of these benefits.	04DFE4A5; 2581C431	Social Sciences; Natural Sciences	https://www.rd-alliance.org/groups/national-pid-strategies-wg
rda_graph:2203AE3A	Neuroimaging Data WG	The Neuroimaging Data WG fulfils the RDA’s mission to build the social and technical bridges that enable open sharing and re-use of data in the domain of neuroimaging. The WG envisions a neuroimaging research landscape in which knowledge is generated in a reproducible fashion (in terms of data, analysis and computation) and coupled with the ability to reuse and extend these studies by others in the community. We aim to shift the way neuroimaging research is performed and reported, with the development and implementation of technology that supports reproducibility at the levels of data management, analysis and utilisation for both within- and between-lab opportunities, including the use of widely distributed and/or large populations to address basic and clinical research questions. In short, the ReproNim vision is to help neuroimaging researchers: Find and Share data in a FAIR fashion (discover resources); Comprehensively describe their data and analysis workflows (describe research processes); and Manage their computational resource options (do analysis).	95093901	Medical and Health Sciences	https://www.rd-alliance.org/groups/neuroimaging-data-wg
rda_graph:00054129	On-Farm Data Sharing (OFDS) WG	Farmers have the capability as they have never had before to critically evaluate management practices using field-scale replicated strip trials. Farmers have gained this powerful capability because yield monitors on combines enable accurate measurement of yields. Networks of farmers have become increasingly common to exploit the potential of yield monitors to evaluate management practices at the field level. Networks of farmers have also become increasingly common because farmers understand the power of evaluating management practices across many fields. Collection of results from strip trials across many fields requires protocols for data stewardship, that is, for data reporting, sharing and archiving. All farmer networks have developed data stewardship protocols. The protocols, however, vary from network to network, and the protocols are not easily accessible to people outside the networks. Creation of a standardized set of protocols for data stewardship that are publicly available would promote the formation of new farmer networks. More importantly, the creation of standardized protocols, especially for confidentiality and sharing of data, would enable the combining of results from many networks into one secure database. A combined database would facilitate analyses across space and time that would provide much more useful and robust answers to many applied questions about crop production practices, which would increase profitability and decrease environmental pollution caused by food production.	27BE021B	Agricultural Sciences	https://www.rd-alliance.org/groups/farm-data-sharing-ofds-wg
rda_graph:0FCED49F	Persistent Identification of Instruments WG	The Persistent Identification of Instruments RDA Working Group (PIDINST WG) seeks to propose a community-driven solution for globally unique and unambiguous identification of instruments instances that are operational in the sciences.	2581C431	Natural Sciences	https://www.rd-alliance.org/groups/persistent-identification-instruments-wg
rda_graph:00000151	PID Information Types WG	In complex data domains, unique and persistent identifiers (PIDs) associated with specific information are the core of proper data management and access. They can be used to give every data object (including collection objects) an identity that enables referring to the data resources and metadata and, additionally, to prove integrity, authenticity and other attributes. But this requires a PID to be uniquely associated with specific types of information, and those types and their association with PIDs must be well managed. Therefore it is useful to specify a framework for information types, to start agreeing on some essential types, and to define a process by which other types can be integrated. The framework provides generic facilities only, which can and must be employed by specific communities to support their needs. The focus of the working group therefore is on cross-community concerns.	285F97D3; 2581C431	Engineering and Technology; Natural Sciences 	https://www.rd-alliance.org/groups/pid-information-types-wg.html
rda_graph:00054841	PID Kernel Information Profile Management WG	The PID Kernel Information WG produced a recommendation that contains i) guiding principles for identifying information appropriate as PID Kernel Information, ii) an exemplar PID Kernel Information profile, iii) several use cases, and iv) architectural considerations. PID Kernel Information is defined as the set of attributes stored within a PID record. It supports smart programmatic decisions that can be accomplished through inspection of the PID record alone.	04DFE4A5; 285F97D3	Social Sciences; Engineering and Technology	https://www.rd-alliance.org/groups/pid-kernel-information-profile-management-wg
rda_graph:00000149	Practical Policy WG	The goals of the working group therefore are. To bring together practitioners in policy making and policy implementation. To identify typical application scenarios for policies such as replication, preservation etc. To collect and to register practical policies. To enable sharing, revising, adapting, and re-using of computer actionable policies	285F97D3	Engineering and Technology	https://www.rd-alliance.org/groups/practical-policy-wg.html
rda_graph:9FA16609	Preserving Scientific Annotation WG	The Preserving Scientific Annotation RDA Working Group (PSA-WG) will precipitate adoption of reliable standards-based preservation solutions for both newly-created research contributions which employ annotation of data and documents, and also those redelivered from existing research investments. Annotation of digital resources has emerged as a new research paradigm, extending across scientific domains and offering significant opportunities for improving discovery and preservation of research investment compared with existing workflows and conventional publication processes.	04DFE4A5; 2581C431; 285F97D3; 95093901; 27BE021B	Social Sciences; Natural Sciences; Engineering and Technology; Medical and Health Sciences; Agricultural Sciences; Humanities	https://www.rd-alliance.org/groups/preserving-scientific-annotation-wg
rda_graph:00055467	Provenance Patterns WG	The tasks for this Working Group focus on finding, detailing and recommending best practices for provenance representation and management.	5CB3D8C8; 3CD09AF9	Computer and information sciences; Economics and business	https://www.rd-alliance.org/groups/provenance-patterns-wg
rda_graph:00060202	Public Health Graph WG	Public health research is a multidisciplinary and multifaceted approach toward improving the health of the population. In recent years, there has been a significant investment in studying and collecting public health data; however, given the complexity of public health, it is not a trivial task to find related datasets to a given public health research problem.	95093901; 04DFE4A5	Medical and Health Sciences; Social Sciences	https://rd-alliance.org/groups/public-health-graph-wg
rda_graph:27FFA55D	Raising FAIRness in health data and health research performing organisations (HRPOs) WG	One sector of research where this is particularly evident is health research, and this proposed working group aims to address global disparities in uptake of the FAIR principles in health research and within health research performing organisations (HRPOs). The work will build upon existing and ongoing work being conducted at the European level (please see below the attached document "D2.3 Guidelines for implementing FAIR open data policy in health research"), and which has in itself identified differences in policies within that region. The aim will be to expand on this work to create a global analysis of policies and to subsequently draw on commonalities to propose a set of guidelines (RDA outputs or recommendations) that can be utilised by HRPOs in their local contexts to address FAIRification of their research data.	95093901	Medical and Health Sciences	https://www.rd-alliance.org/groups/raising-fairness-health-data-and-health-research-performing-organisations-hrpos-wg
rda_graph:EFB310A9	RDA / CODATA Data Systems, Tools, and Services for Crisis Situations WG	The mission of the DSTS_CS-WG is to elucidate scientific and ELSI features of data systems, tools, and services in relationship to the needs of scientists, policy/decision-makers, emergency responders, media, and affected communities by providing an overview of those characteristics and how they are expressed in the architecture, design, interoperability standards, and application of digital infrastructures to crisis situations worldwide.	04DFE4A5; 2581C431; 285F97D3; 95093901	Social Sciences; Natural Sciences; Engineering and Technology; Medical and Health Sciences	https://www.rd-alliance.org/groups/rda-codata-data-systems-tools-and-services-crisis-situations-wg
rda_graph:FFF89ECB	RDA / TDWG Metadata Standards for attribution of physical and digital collections stewardship	This working group will address the incomplete standards for giving attribution for the maintenance, curation, and digitization of collections. Within the scope of the WG, collections can include digital data and physical objects. This WG will produce use cases from a variety of disciplines that will be used to create the final deliverable – an attribution metadata schema. Adopters will include stewards of collections (such as the Natural History Museum London) and aggregators of professional research metrics (such as ImpactStory).	2581C431	Natural Sciences	https://www.rd-alliance.org/groups/metadata-standards-attribution-physical-and-digital-collections-stewardship.html
rda_graph:19097139	RDA & ReSA: Policies in Research Organisations for Research Software (PRO4RS)	We will create a community focused on better understanding and addressing core challenges in research software. The community will develop, analyse, promote and/or implement suggested strategies and associated policies as a basis to drive change and significantly enhance the ways that research-performing organisations recognise and support research software.	04DFE4A5; 2581C431	Social Sciences; Natural Sciences	https://www.rd-alliance.org/groups/rda-resa-policies-research-organisations-research-software-pro4rs
rda_graph:F68CA949	RDA COVID-19	The group thus far has developed detailed guidelines on the deposit of different data sources in any common data hub or platform. The guidelines aim at developing a system for data sharing in public health emergencies that supports scientific research and policy making, including an overarching framework, common tools and processes, and principles that can be embedded in research practice. The guidelines address general aspects related to the principles the data should adhere to (FAIR and other principles), as well as specificities related to four thematic and four overarching areas (below).	95093901	Medical and Health Sciences	https://www.rd-alliance.org/groups/rda-covid-19
rda_graph:22E290BB	RDA COVID-19 Epidemiology	Epidemiology subgroup priorities. Guidelines and recommendations for producing, sharing, and using COVID19 Epidemiology data. Identify COVID19 resources and references [datasets/repositories, software/code, standards, journal articles].Build a curated in Zotero Web Group Library of resources and references.A Decision Tree tool to facilitate navigation to specific COVID19 Epidemiology Resources.	95093901	Medical and Health Sciences	https://www.rd-alliance.org/groups/rda-covid-19-epidemiology
rda_graph:00069096	RDA COVID19 Coordination	RDA COVID19 Coordination	95093901	Medical and Health Sciences	-
rda_graph:00069849	RDA COVID19 Visualisation Team	RDA COVID19 Visualisation Team	95093901	Medical and Health Sciences	-
rda_graph:EDC35E4B	RDA COVID19-Legal-Ethical	Legal and Ethical subgroup priorities:understand any cross-cutting ethical and legal issues in the identification, curation and sharing of (personal) data. provide guidance to researchers and policy makers in terms of best practice ethical and legal data exploitation. provide support to researchers wanting to exploit available data resources. provide support to data providers wanting to publicise and share their data	95093901; 1FD22581; 0191D876	Medical and Health Sciences; Law; Philosophy, ethics and religion	https://www.rd-alliance.org/groups/rda-covid19-legal-ethical
rda_graph:00068845	RDA-COVID19-Clinical	Clinical subgroup priorities: A set of guideline documents, highlighting the primary data [and software/code] sharing resources in Clinical research, addressing different data types and cross-cutting themes. Resource [data and software/code] List(s) in Clinical research. A Decision Tree tool to facilitate navigation to specific Clinical Resources.	95093901	Medical and Health Sciences	https://www.rd-alliance.org/groups/rda-covid19-clinical
rda_graph:00068847	RDA-COVID19-Community-participation	This is the subgroup of the RDA-COVID-19 working group focusing on Community Participation.	95093901; 04DFE4A5	Medical and Health Sciences; Social sciences	https://www.rd-alliance.org/groups/rda-covid19-community-participation
rda_graph:00068843	RDA-COVID19-Omics	Omics subgroup priorities: A set of guideline documents, highlighting the primary data [and software/code] sharing resources in Omics research, addressing different data types and cross-cutting themes. Resource [data and software/code] List(s) in Omics. A Decision Tree tool to facilitate navigation to specific Omics Resources.	95093901	Medical and Health Sciences	https://www.rd-alliance.org/groups/rda-covid19-omics
rda_graph:00068846	RDA-COVID19-Social-Sciences	This is the subgroup of the RDA-COVID-19 working group focusing on Social Sciences.	95093901; 04DFE4A5; 6DC9618F	Medical and Health Sciences; Social Sciences; Humanities	https://www.rd-alliance.org/groups/rda-covid19-social-sciences
rda_graph:00069318	RDA-COVID19-Software	This is the subgroup of the RDA-COVID-19 working group focusing on Software.	285F97D3; 95093901	Engineering and Technology; Medical and Health Sciences	https://www.rd-alliance.org/groups/rda-covid19-software
rda_graph:EF42AB1B	RDA-OfR Mapping the landscape of digital research tools WG	The digital research data infrastructure landscape comprises a myriad of tools for managing and sharing research data during various stages of the research data lifecycle. Such research tools vary widely depending on data type, user requirement, provider, and subject area. In the context of this WG, research ‘tools enable researchers to perform one or more operations, typically on data, and often with data as the output. Tools are usually intended for use by humans. In this context we are explicitly excluding physical instruments.’	5CB3D8C8	Computer and information sciences 	https://www.rd-alliance.org/groups/rda-ofr-mapping-landscape-digital-research-tools-wg
rda_graph:9215FA30	RDA/CODATA Summer Schools in Data Science and Cloud Computing in the Developing World WG	The goal of the WG is to set up the framework to run a series of Summer Schools in Data Science and data sharing in low and middle income countries (LMICs). The series will run at a variety of locations but will have a base in a specific LMIC and the UK. This series would be endorsed by both the RDA and CODATA and would make use of the wide variety of expertise within these organisations.	285F97D3; 5CB3D8C8; C1E4C81A	Engineering and technology; Computer and information sciences; Educational sciences	https://www.rd-alliance.org/groups/rdacodata-summer-schools-data-science-and-cloud-computing-developing-world.html
rda_graph:00059857	RDA/FORCE11 Software Source Code Identification WG	The objective of this working group is to bring together a broad panel of stakeholders directly involved in software identification.	04DFE4A5; 2581C431; 285F97D3; 95093901; 27BE021B; 6DC9618F	Social Sciences; Natural Sciences; Engineering and Technology; Medical and Health Sciences; Agricultural Sciences; Humanities	https://www.rd-alliance.org/groups/rdaforce11-software-source-code-identification-wg
rda_graph:00044532	RDA/WDS Publishing Data Bibliometrics WG	The overall objective of this working group therefore is to conceptualize data metrics and corresponding services that are suitable to overcome existing barriers and thus likely to initiate a cultural change among scientists, encouraging more and better data citations, augmenting the overall availability and quality of research data, increasing data discoverability and reuse, and facilitating the reproducibility of research results.	5CB3D8C8	Computer and information sciences	https://www.rd-alliance.org/groups/rdawds-publishing-data-bibliometrics-wg.html
rda_graph:00044534	RDA/WDS Publishing Data Services WG	The overarching scope of this Working Group (WG) is to address processes, workflows, and solutions that currently exist—mostly as bilateral agreements—between individual parties within the data publication landscape, and investigate how these can be lifted to one-for-all services that increase interoperability, decrease systemic inefficiencies, and power new tools and functionalities to the benefit of researchers. Such processes may lie at different moments in the data publication workflow, including the submission, editorial, review, and publication process.	5CB3D8C8	Computer and information sciences	https://www.rd-alliance.org/groups/rdawds-publishing-data-services-wg.html
rda_graph:7736F1D1	RDA/WDS Publishing Data Workflows WG	The objectives of this Working Group are to provide an analysis of a representative range of existing and emerging workflows and standards for data publishing, including deposit and citation, and provide reference models and implementations for application in new workflows.	5CB3D8C8	Computer and information sciences 	https://www.rd-alliance.org/groups/rdawds-publishing-data-workflows-wg.html
rda_graph:A4ABEB6D	RDA/WDS Scholarly Link Exchange (Scholix) WG	The working group follows on from the RDA/WDS Publishing Data Services WG, https://rd-alliance.org/groups/rdawds-publishing-data-services-wg.html. The original working group established demonstrator services enabling infrastructure. The follow on working group will support the “hardening” of that infrastructure and services as well as an increase in the number of participating hubs and services. The original working group established an interoperability framework. The follow on group will provide further specification, documentation and profiling of that framework to support adoption by link contributors and consumers. The original working group established a consensus among large infrastructure providers and early adopters; the follow up group will extend that consensus to the next stage of adopters and to a more diverse set of infrastructure providers. The original working group harnessed the energy and interest of specialists; the follow up group will provide support for a number of communities and services as they implement and adopt the framework and vision established in the original group.	04DFE4A5; 2581C431; 6DC9618F	Social Sciences; Natural Sciences; Humanities	https://www.rd-alliance.org/groups/rdawds-scholarly-link-exchange-scholix-wg
rda_graph:97C10106	RDA/WDS TRUST Principles Outreach and Adoption Working Group	This working group aims to clarify the complementary relationship between TRUST Principles (TRUST) for digital repositories, certification processes, and metrics of other principal frameworks (e.g., FAIR, CARE, Desirable characteristics, Data Repository Attributes). TRUST is not a criterion for certification. Instead, it is the principles of how repositories can demonstrate their trustworthiness to users.	5CB3D8C8	Computer and information sciences	https://www.rd-alliance.org/groups/rdawds-trust-principles-outreach-and-adoption-working-group
rda_graph:00072352	Repository Audit and Certification DSA–WDS Partnership WG	Repository Audit and Certification DSA–WDS Partnership WG	5CB3D8C8	Computer and information sciences	https://www.rd-alliance.org/repository-audit-and-certification-dsa%E2%80%93wds-partnership-wg.html
rda_graph:00053176	Repository Core Description WG	This WG proposal emerged from the repository registry discussions within the Data Fabric IG. The bootstrapping co-chairs are Michael Witt, Johannes Reetz, Herman Stehouwer and Peter Wittenburg. At P8 we will suggest an election of the co-chairs and present an initial core group covering European, US and Asian experts also including an increased number of other initiatives that are actively building large federations.	5CB3D8C8	Computer and information sciences	https://www.rd-alliance.org/groups/repository-core-description-wg
rda_graph:E2087F01	Reproducible Health Data Services WG	The goal of the working group is to enhance the reuse of health data for research and improve the FAIRness levels of aggregated and curated data sets for secondary use by providing recommendations to enhance the reproducibility of data curation services.	95093901	Medical and Health Sciences	https://www.rd-alliance.org/groups/reproducible-health-data-services-wg
rda_graph:00048839	Research Data Collections WG	Several communities have expressed interest in leveraging aggregations of objects with particular focus on building such aggregations through PIDs and possibly providing identifiers for aggregation objects. There is however no unified cross-community approach to building and managing such collections and no common model for understanding them. The PID Information Types WG has defined a core model and the central interface for accessing object state information and provided a small number of example types, which were consequently registered in the Type Registry WG prototype. With these tools available to describe essential object information, collections can be described so to be able to deal with more than a single object at once.	5CB3D8C8	Computer and information sciences	https://www.rd-alliance.org/groups/research-data-collections-wg.html
rda_graph:00050279	Research Data Repository Interoperability WG	The Research Data Repository Interoperability Working Group will establish standards for interoperability between different research data repository platforms. These standards may include (but are not limited to) a generic API and import/export formats.	5CB3D8C8	Computer and information sciences	https://www.rd-alliance.org/groups/research-data-repository-interoperability-wg.html
rda_graph:CA105667	Research Metadata Schemas WG	The objectives of this work group are twofold: to identify and bridge gaps in existing schemas commonly used for research data, by bringing together communities who are working with such vocabularies to document research data and related resources; to provide guidelines for those communities whose needs are not addressed by existing metadata schema such as schema.org, and provide guidelines on proposing extensions.	285F97D3; 2581C431	Engineering and Technology; Natural Sciences 	https://www.rd-alliance.org/groups/research-metadata-schemas-wg
rda_graph:00051514	Rice Data Interoperability WG	The RDI Working Group aims to reinforce synergies between rice research & development organizations to support food security, nutritional value and safety while taking into account societal demands for sustainable and resilient agricultural production systems.	27BE021B	Agricultural Sciences	https://www.rd-alliance.org/groups/rice-data-interoperability-wg.html
rda_graph:F78A9F9F	Scientific Knowledge Graphs - Interoperability Framework (SKG-IF) WG	The WG stems from and incorporates the activities of the pre-existing RDA Interest Group (IG) on "Open Science Graphs for FAIR Data" and tightly liaises with it. As motivated in the case statement of the IG, the topic is highly relevant, and a priority globally, with this specific RDA IG featuring in several calls for project proposals by the European Commission in 2022. The change of name, from “Open Science Graphs” in the IG to “Scientific Knowledge Graphs” in the WG, stems from the specific name convention used by the European Commission in the EOSC-related working programme.	04DFE4A5; 2581C431	Social Sciences; Natural Sciences	https://www.rd-alliance.org/groups/scientific-knowledge-graphs-interoperability-framework-skg-if-wg
rda_graph:00059960	Smallholder Agriculture Data Collection and Curation Working Group	Smallholder Agriculture Data Collection and Curation Working Group	27BE021B	Agricultural Sciences	
rda_graph:ED56A529	Small Uncrewed Aircraft and Autonomous Platforms Data WG	Following the example of marine autonomous platforms, which is much further advanced in terms of data and metadata standardisation, the aim of the Small Uncrewed Aircraft and Autonomous Platforms Data WG is to produce recommendations for data and metadata coming from sUAS and autonomous platforms to support interoperability and reuse of these data in research data infrastructures.	5CB3D8C8; 285F97D3	Computer and information sciences; Engineering and technology	https://www.rd-alliance.org/plenaries/rda-22nd-plenary-meeting-fully-virtual/introducing-small-uncrewed-aircraft-and-autonomous 
rda_graph:00000291	Standardisation of Data Categories and Codes WG	The outputs of this Working Group will assist with greater data sharing, data discovery, and interoperability of repositories/archives.	5CB3D8C8	Computer and information sciences	https://www.rd-alliance.org/groups/standardisation-data-categories-and-codes-wg.html
rda_graph:00050454	Storage Service Definitions WG	This working group is involved in creating well-defined terms that describe storage services, especially in the areas of Quality of Service and Data Life-cycle. These terms should describe what the users (the scientists) can expect from the storage service, allowing them to compare different storage options and choose where to store their data with some confidence at how the storage service will behave.	5CB3D8C8; 285F97D3	Computer and information sciences; Engineering and technology	https://www.rd-alliance.org/groups/storage-service-definitions-wg
rda_graph:00054046	Teaching TDM on Education and Skill Development WG	This Working Group aims to address the current skills gap identified with respect to Text and Data Mining (TDM) and help improve the adoption of these practices in a range of research disciplines.	C1E4C81A	Educational sciences	https://www.rd-alliance.org/groups/teaching-tdm-education-and-skill-development-wg
rda_graph:00054458	WDS/RDA Assessment of Data Fitness for Use WG	The increasing availability of research data and its evolving role as a first class scientific output in the scholarly communication requires a better understanding of and the possibility to assess data quality, which in turn can be described as conformance of data properties to data usability or fitness for use. These properties are multifaceted and cover various aspects related to data objects, access services, and data management processes such as the level of annotation, curation, peer review, and citability or machine readability of datasets. Moreover, the compliance of a data repository or data center providing datasets - for example with certification requirements - could serve as a useful proxy. Firstly, a concept of data fitness requires assessment of quality criteria to be included as well as the weighing of each of those criteria. The process should preferably lead to the development of a corresponding metric. Secondly, we want to find effective ways to expose and communicate this metric, for e.g. by using a labelling or tagging system whereby different usability levels are made explicit.	285F97D3; 2581C431	Engineering and Technology; Natural Sciences 	https://www.rd-alliance.org/groups/assessment-data-fitness-use
rda_graph:4E8258F6	Wheat Data Interoperability WG	The Wheat Data Interoperability Working Group aims to provide a common framework for describing, representing linking and publishing Wheat data with respect to open standards.Such a framework will promote and sustain Wheat data sharing, reusability and operability. Specifying the Wheat linked data framework will come with many questions: which (minimal) metadata to describe which type of data? Which vocabularies/ontologies/formats? Which good practices? Mainly based on the the needs of the Wheat initiatiative Information System (WheatIS) in terms of functionalities and data types, the working group will identify relevant use cases in order to produce a “cookbook” on how to produce “wheat data” that are easily shareable, reusable and interoperable.	27BE021B	Agricultural Sciences	https://www.rd-alliance.org/groups/wheat-data-interoperability-wg.html
rda_graph:36B6468E	Working Group on Ethical and Legal best practices for Drone Data in a global research context (WELDD)	Working Group on Ethical and Legal best practices for Drone Data in a global research context (WELDD)	285F97D3	Engineering and Technology	
rda_graph:X96BIQ11	Dynamic Data Citation WG	Dynamic Data Citation WG	5CB3D8C8	Computer and information sciences	
rda_graph:X96BIQ12	Publisher Guidance for Availability Statements in Scholarly Publications WG	The RDA Scholarly Publishing community is interested in developing guidelines for Availability Statements for digital objects, specifically data. In short, Availability Statements in scholarly publications could be more structured and FAIR. Through this work we will review the status of current guidance, what authors are providing, and the gap with desired outcomes. The desired outcome is a recommendation on guidelines for journals, authors, publishing staff, editors, peer-reviewers, standards, and machine readable infrastructure.	5CB3D8C8; C1E4C81A	Computer and information sciences; Educational sciences	https://www.rd-alliance.org/groups/publisher-guidance-availability-statements-scholarly-publications-wg
rda_graph:X96BIQ13	Harmonised terminologies and schemas for FAIR data in materials science and related domains WG	The focus of the WG is on increasing uptake of the FAIR Principles in materials research (in particular in connection with Interoperability and Reusability), supported by improved resources, in particular widely-agreed and FAIR terminologies, metadata and ontologies. While the main focus of the WG is in the material sciences, close interactions with cognate domains, in particular chemistry, are crucial in order to avoid conflicting approaches and also to utilise and integrate with already existing semantic artefacts and resources in these fields.	2581C431; 285F97D3	Natural Sciences; Engineering and Technology	https://www.rd-alliance.org/groups/harmonised-terminologies-and-schemas-fair-data-materials-science-and-related-domains-wg
rda_graph:X96BIQ14	RDA-OfR Creating a Multi-omics Metadata Schema Standard Reporting Matrix WG	The WG will research and consult existing work in the area by undertaking an in-depth landscape review to identify current Omics domain data standards (common data formats, controlled vocabularies and ontologies, metadata reporting guidelines, and identifier schemas) outlined by community accepted data management and sharing best practices within and across the different Omics domains. This work will leverage and build upon existing resource records at FAIRsharing (an RDA WG and a curated, informative and educational resource on data and metadata standards, inter-related to databases and data policies) in evaluating existing community Omics standard records in contribution to an iterative and open Omics Domain Collection at FAIRsharing as part of the landscape review recommendation output. Leveraging FAIRsharing educational materials to help guide WG curation activities, the group will collect standalone Omics domain community standards and reporting guidelines for informed downstream crosswalk activities. The Omics landscape review and analysis collection serves to benefit and encourage continuous (machine-actionable) community level standard curation beyond the lifecycle of the WG for existing and future research community stakeholder groups focused on data standards in life sciences.	2581C431; 285F97D3; 95093901; 27BE021B	Natural Sciences; Engineering and Technology; Medical and Health Sciences; Agricultural Sciences	https://www.rd-alliance.org/groups/rda-ofr-creating-multi-omics-metadata-schema-standard-reporting-matrix-wg
rda_graph:X96BIQ15	RDA-OfR Mapping the landscape of digital research tools WG	This RDA Working Group (WG), supported by Oracle for Research (OfR), aims to address these challenges by: (i) categorising different types of research tools; and, (ii) mapping different types of research tools to the research data lifecycle based on their features and functionalities.	5CB3D8C8	Computer and information sciences	https://www.rd-alliance.org/groups/rda-ofr-mapping-landscape-digital-research-tools-wg
rda_graph:X96AIT06	Empirical Humanities Metadata Working Group	The empirical humanities include history, folklore, cultural anthropology and other fields in which researchers collect primary data of different types that can be used for cultural analysis. Today, these researchers often need to collaborate to understand phenomena that operate across geographic regions, scale and communities of people. But established research practices and infrastructures in the empirical humanities do not support this. The Empirical Humanities Metadata WG (EHM) will conduct research, develop a statement of best practices and release an adoptable product centered on what needs to be in place (standards, protocols, policies, cultural expectations) to make ethnographic and historical data archivable, discoverable and shareable.	04DFE4A5; 6DC9618F	Social Sciences; Humanities	https://www.rd-alliance.org/groups/empirical-humanities-metadata-working-group.html