UUID_Workflow	WorkflowState	Description
rda_graph:A5716143	RDA Endorsed	RDA Endorsed Recommendations are "produced by RDA Working Groups and are the official, endorsed results of RDA" (see full definition). RDA website Output Status: 'RDA Endorsed Recommendations' Zenodo Community: Research Data Alliance
rda_graph:BC690EFA	In Process	Recommendations with RDA Endorsement in Process (see above) RDA website Output Status: 'Recommendations with RDA Endorsement in Process'
rda_graph:A3E40BD6	Supporting	RDA Supporting Outputs are "useful solutions [from any RDA Groups] that are not clearly adoptable [...] as RDA recommendations. [They] have undergone a community review, and may include RDA-branded guidelines, brochures and white papers that serve to educate and inform, rather than directly solve a specific data sharing challenge". See full definition.      RDA website Output Status: 'Supporting Outputs' Zenodo Community: 'Research Data Alliance' or 'Research Data Alliance - Related Documents'
rda_graph:7074F66A	RDA Web Resource	RDA Website Resource, related to the website itself or to RDA as an organisation, but not directly to RDA Groups, e.g: 'Recommendations and Outputs Cards', call for papers, plenary info, etc.
rda_graph:A3E40B_7	Other RDA Resource	Other resources' (not official) are described by RDA as those "requested by [any RDA group] to be published on the RDA website, but have received no level of endorsement. ...e.g.  'workshop reports, published articles, survey results, etc' (see full definition) RDA website Output Status: 'Other Outputs (Not official)' Zenodo Community:  'Research Data Alliance'; 'Research Data Alliance - Related Documents'
rda_graph:00080F73CCF	Web Resource	A general URI in the web that is of interest to or used by RDA in its work.